"TimeDelta", "KeyDelta", "OctaveLow", "OctaveHigh", "VelocityMean", "VelocityVar", "ThirdKey", "PrevKey", "Key", "Eigenote"
0.0, -8, 1, 6, 71.3, 2.72, 4, 4, 8, 4
211.0, 12, 4, 6, 72, 2.1, 4, 8, 8, 4
141.0, -12, 4, 6, 71.4, 2.97, 8, 8, 8, 4
0.0, 8, 5, 6, 72.1, 2.66, 8, 8, 4, 4
0.0, -12, 5, 6, 72, 2.72, 8, 4, 4, 4
56.0, 16, 5, 6, 71.7, 2.76, 4, 4, 8, 4
43.0, -2, 5, 6, 71.9, 2.77, 4, 8, 6, 4
14.0, -22, 5, 6, 71.1, 3.65, 8, 6, 8, 8
14.0, 24, 4, 6, 70.4, 3.88, 6, 8, 8, 8
28.0, -2, 4, 6, 70, 3.58, 8, 8, 6, 8
127.0, -10, 4, 6, 69, 3.71, 8, 6, 8, 8
0.0, -5, 4, 6, 68.1, 3.73, 6, 8, 3, 8
0.0, 13, 4, 6, 68.6, 3.61, 8, 3, 4, 8
56.0, -1, 4, 6, 68.6, 3.61, 3, 4, 3, 8
56.0, 1, 4, 6, 69, 3.95, 4, 3, 4, 8
0.0, -27, 4, 6, 68.6, 4.03, 3, 4, 1, 8
141.0, 24, 4, 6, 68.5, 3.93, 4, 1, 1, 8
0.0, -5, 4, 6, 68.8, 3.68, 1, 1, 8, 8
0.0, -4, 4, 6, 68.9, 3.62, 1, 8, 4, 4
141.0, 12, 4, 6, 69.3, 4.03, 8, 4, 4, 4
127.0, -3, 4, 6, 70, 3.63, 4, 4, 1, 4
0.0, -9, 4, 6, 70.3, 3.23, 4, 1, 4, 4
0.0, 4, 4, 6, 70.3, 3.23, 1, 4, 8, 4
70.0, 8, 4, 6, 69.8, 2.99, 4, 8, 4, 4
42.0, 0, 4, 6, 69.1, 2.74, 8, 4, 4, 4
0.0, -20, 5, 6, 69.4, 2.54, 4, 4, 8, 4
42.0, 19, 4, 6, 69.1, 2.39, 4, 8, 3, 4
141.0, -7, 4, 6, 69, 2.49, 8, 3, 8, 4
0.0, 5, 4, 6, 69.7, 2.79, 3, 8, 1, 4
57.0, -2, 4, 6, 69.5, 2.46, 8, 1, 11, 4
70.0, 2, 4, 6, 69.8, 2.79, 1, 11, 1, 4
127.0, -5, 4, 6, 69.9, 2.7, 11, 1, 8, 8
0.0, -12, 4, 6, 69.4, 3.07, 1, 8, 8, 8
0.0, 8, 4, 6, 69.3, 3.1, 8, 8, 4, 8
56.0, 9, 4, 6, 69.6, 3.01, 8, 4, 1, 8
56.0, -2, 4, 6, 69.8, 3.03, 4, 1, 11, 1
14.0, -17, 4, 6, 69.3, 3.49, 1, 11, 6, 1
57.0, 16, 4, 6, 68.8, 4.21, 11, 6, 10, 1
56.0, -2, 4, 6, 68.3, 3.85, 6, 10, 8, 8
0.0, -10, 4, 6, 67.1, 4.06, 10, 8, 10, 8
0.0, 3, 4, 6, 65.9, 3.59, 8, 10, 1, 8
141.0, 12, 4, 6, 66.4, 4.15, 10, 1, 1, 1
0.0, -24, 4, 6, 64.4, 7.67, 1, 1, 1, 1
141.0, 7, 4, 6, 63.6, 7.67, 1, 1, 8, 1
0.0, 12, 4, 6, 62.9, 7.37, 1, 8, 8, 1
0.0, -4, 4, 6, 62, 6.86, 8, 8, 4, 1
70.0, 9, 4, 6, 61.7, 6.83, 8, 4, 1, 1
70.0, -2, 4, 6, 62.6, 7.26, 4, 1, 11, 1
0.0, -17, 4, 6, 61.1, 7.33, 1, 11, 6, 1
71.0, 16, 4, 6, 61.1, 7.33, 11, 6, 10, 1
98.0, -12, 4, 6, 60.7, 7.38, 6, 10, 10, 1
0.0, 10, 4, 6, 59.4, 6.14, 10, 10, 8, 8
226.0, 5, 4, 6, 62.2, 5.25, 10, 8, 1, 8
14.0, -24, 4, 6, 62.5, 5.2, 8, 1, 1, 1
0.0, 27, 4, 6, 63.4, 5.94, 1, 1, 4, 1
14.0, 4, 4, 6, 64.5, 6.56, 1, 4, 8, 1
141.0, -28, 4, 6, 65.3, 6.57, 4, 8, 4, 1
0.0, -12, 4, 6, 64.5, 6.44, 8, 4, 4, 4
0.0, 28, 3, 6, 66.1, 5.56, 4, 4, 8, 4
0.0, 8, 3, 6, 67.5, 5.85, 4, 8, 4, 4
197.0, -32, 3, 6, 67.6, 5.7, 8, 4, 8, 4
0.0, 24, 3, 6, 68.8, 5.21, 4, 8, 8, 4
0.0, -12, 3, 6, 67.8, 5.27, 8, 8, 8, 8
155.0, 20, 3, 6, 69.1, 5.52, 8, 8, 4, 4
56.0, 4, 3, 6, 68.2, 5.71, 8, 4, 8, 8
70.0, 0, 3, 6, 67.7, 5.48, 4, 8, 8, 8
0.0, -24, 3, 6, 67.2, 5.56, 8, 8, 8, 8
14.0, 22, 3, 6, 67.7, 5.29, 8, 8, 6, 8
85.0, -15, 3, 6, 66.5, 5.95, 8, 6, 3, 8
0.0, 13, 3, 6, 66.5, 5.95, 6, 3, 4, 8
14.0, -17, 4, 6, 66.1, 6.55, 3, 4, 11, 8
42.0, 16, 4, 6, 66.4, 6.87, 4, 11, 3, 8
71.0, -38, 4, 6, 66.8, 6.78, 11, 3, 1, 8
0.0, 39, 3, 6, 66.9, 6.92, 3, 1, 4, 8
126.0, -3, 3, 6, 68.1, 7.18, 1, 4, 1, 1
0.0, -5, 3, 6, 68.1, 7.18, 4, 1, 8, 1
0.0, -16, 3, 6, 68, 7.24, 1, 8, 4, 4
169.0, -8, 3, 6, 66.8, 8.23, 8, 4, 8, 4
0.0, 12, 3, 6, 66.8, 8.23, 4, 8, 8, 4
0.0, 12, 3, 6, 66.2, 7.82, 8, 8, 8, 8
0.0, 8, 3, 6, 67.9, 7.01, 8, 8, 4, 8
169.0, -3, 3, 6, 67.6, 6.76, 8, 4, 1, 8
43.0, 3, 3, 6, 67.2, 6.9, 4, 1, 4, 4
42.0, -1, 3, 6, 67, 6.63, 1, 4, 3, 8
14.0, 1, 3, 6, 66.4, 6.14, 4, 3, 4, 4
0.0, -20, 3, 6, 66.3, 6.12, 3, 4, 8, 4
169.0, 7, 3, 6, 66.1, 6.25, 4, 8, 3, 8
0.0, 5, 4, 6, 67.2, 5.06, 8, 3, 8, 8
14.0, -9, 4, 6, 66.7, 6.08, 3, 8, 11, 4
0.0, 14, 4, 6, 67.1, 6.35, 8, 11, 1, 4
42.0, -2, 4, 6, 66.8, 6.18, 11, 1, 11, 1
71.0, 2, 4, 6, 66.7, 6.1, 1, 11, 1, 1
0.0, -24, 4, 6, 65.6, 7.5, 11, 1, 1, 1
126.0, 7, 4, 6, 64.3, 6.86, 1, 1, 8, 1
0.0, 12, 4, 6, 64.4, 6.93, 1, 8, 8, 8
0.0, -4, 4, 6, 64.7, 7.1, 8, 8, 4, 1
71.0, 9, 4, 6, 65.6, 7.14, 8, 4, 1, 1
56.0, -2, 4, 6, 66.4, 7.58, 4, 1, 11, 1
0.0, -17, 4, 6, 67.4, 6.3, 1, 11, 6, 1
56.0, 16, 4, 6, 66.5, 6.07, 11, 6, 10, 1
57.0, -2, 4, 6, 66.4, 6.04, 6, 10, 8, 1
0.0, -7, 4, 6, 65.2, 6.19, 10, 8, 1, 1
0.0, -3, 4, 6, 66.3, 4.5, 8, 1, 10, 8
126.0, 15, 4, 6, 67.5, 4.78, 1, 10, 1, 1
14.0, -24, 4, 6, 65.3, 7.44, 10, 1, 1, 1
127.0, 19, 4, 6, 65.1, 7.34, 1, 1, 8, 1
0.0, -12, 4, 6, 64.2, 7.24, 1, 8, 8, 1
0.0, 8, 4, 6, 63.6, 6.62, 8, 8, 4, 1
56.0, 9, 4, 6, 64.6, 7.19, 8, 4, 1, 1
71.0, -2, 4, 6, 65.3, 7.43, 4, 1, 11, 1
56.0, -1, 4, 6, 64.6, 7.47, 1, 11, 10, 1
71.0, -9, 4, 6, 64.9, 7.3, 11, 10, 1, 1
0.0, 7, 4, 6, 65.8, 7.56, 10, 1, 8, 1
14.0, -10, 4, 6, 64.4, 7.2, 1, 8, 10, 1
84.0, 13, 4, 6, 66.8, 5, 8, 10, 11, 8
14.0, 5, 4, 6, 67.5, 5.57, 10, 11, 4, 1
0.0, -36, 4, 6, 68, 5.18, 11, 4, 4, 4
14.0, 12, 3, 6, 68.1, 5.19, 4, 4, 4, 4
127.0, 24, 3, 6, 68.3, 5.4, 4, 4, 4, 4
0.0, -20, 3, 6, 67.6, 5.46, 4, 4, 8, 4
0.0, 12, 3, 6, 68.9, 5.28, 4, 8, 8, 4
127.0, -21, 3, 6, 68.9, 5.28, 8, 8, 11, 4
0.0, 33, 3, 6, 69.1, 5.43, 8, 11, 8, 4
0.0, -12, 3, 6, 70.6, 4.74, 11, 8, 8, 4
141.0, 8, 3, 6, 70.8, 4.83, 8, 8, 4, 4
0.0, -8, 3, 6, 70.5, 4.65, 8, 4, 8, 8
42.0, 12, 3, 6, 71.1, 4.41, 4, 8, 8, 8
56.0, -2, 3, 6, 71.2, 4.38, 8, 8, 6, 8
14.0, 2, 3, 6, 71, 4.24, 8, 6, 8, 8
42.0, -2, 3, 6, 71.8, 3.54, 6, 8, 6, 8
57.0, -2, 3, 6, 71.9, 3.62, 8, 6, 4, 8
0.0, -28, 5, 6, 72.2, 2.82, 6, 4, 0, 8
0.0, 12, 4, 6, 72, 2.76, 4, 0, 0, 8
56.0, 15, 4, 6, 71.9, 2.66, 0, 0, 3, 8
56.0, -14, 4, 6, 71.2, 2.93, 0, 3, 1, 8
0.0, -12, 4, 6, 70.2, 3.99, 3, 1, 1, 0
0.0, 27, 4, 6, 70.5, 4.22, 1, 1, 4, 0
127.0, -3, 4, 6, 70.8, 4.28, 1, 4, 1, 1
14.0, -5, 4, 6, 70.8, 4.28, 4, 1, 8, 1
0.0, -4, 4, 6, 70, 4.71, 1, 8, 4, 1
127.0, 12, 4, 6, 70.3, 5.1, 8, 4, 4, 1
98.0, -8, 4, 6, 71.2, 4.87, 4, 4, 8, 1
15.0, 5, 4, 6, 71.2, 4.87, 4, 8, 1, 1
0.0, -9, 4, 6, 71.1, 4.83, 8, 1, 4, 1
98.0, 12, 4, 6, 71.8, 4.69, 1, 4, 4, 4
0.0, -20, 5, 6, 72.4, 3.67, 4, 4, 8, 4
127.0, 7, 4, 6, 71, 4.88, 4, 8, 3, 4
0.0, 5, 4, 6, 70.6, 4.86, 8, 3, 8, 4
0.0, 5, 4, 6, 70.6, 4.86, 3, 8, 1, 4
56.0, -2, 4, 6, 71.1, 4.39, 8, 1, 11, 4
56.0, -26, 4, 6, 69.2, 5.06, 1, 11, 9, 8
0.0, 28, 3, 6, 69, 4.9, 11, 9, 1, 1
113.0, -4, 3, 6, 68.9, 4.85, 9, 1, 9, 1
0.0, -12, 3, 6, 68.4, 4.65, 1, 9, 9, 9
0.0, 7, 3, 6, 68.7, 5.08, 9, 9, 4, 9
56.0, 9, 3, 6, 68.7, 5.08, 9, 4, 1, 1
43.0, -2, 3, 6, 70, 4.58, 4, 1, 11, 1
0.0, -31, 3, 6, 69.1, 5.49, 1, 11, 4, 1
70.0, 29, 3, 6, 69.5, 5.89, 11, 4, 9, 9
42.0, -1, 3, 6, 70.3, 6.29, 4, 9, 8, 9
0.0, -16, 3, 6, 71.1, 5.22, 9, 8, 4, 4
113.0, -10, 3, 6, 70.2, 5.74, 8, 4, 6, 4
0.0, 24, 3, 6, 70.6, 5.92, 4, 6, 6, 4
127.0, -9, 3, 6, 70.7, 5.88, 6, 6, 9, 4
14.0, 12, 3, 6, 70.6, 5.78, 6, 9, 9, 9
0.0, -15, 3, 5, 71, 5.73, 9, 9, 6, 6
56.0, 12, 3, 5, 70.7, 5.64, 9, 6, 6, 6
42.0, -2, 3, 5, 72.6, 4.86, 6, 6, 4, 6
0.0, -27, 3, 5, 71.7, 4.8, 6, 4, 1, 6
113.0, 36, 3, 6, 71.3, 4.5, 4, 1, 1, 6
14.0, -12, 3, 6, 72, 4.31, 1, 1, 1, 6
42.0, 3, 3, 6, 72.8, 3.16, 1, 1, 4, 1
57.0, 2, 3, 6, 72.9, 3.24, 1, 4, 6, 1
0.0, -24, 3, 6, 72.4, 4.08, 4, 6, 6, 6
112.0, 12, 3, 6, 71.9, 3.91, 6, 6, 6, 6
0.0, 15, 3, 6, 72.1, 3.96, 6, 6, 9, 6
0.0, -12, 3, 6, 72, 4, 6, 9, 9, 1
57.0, 9, 3, 6, 71.2, 3.25, 9, 9, 6, 6
56.0, -29, 3, 6, 70.7, 4, 9, 6, 1, 6
0.0, 27, 3, 5, 71.5, 5.04, 6, 1, 4, 6
141.0, -12, 3, 5, 71, 5.02, 1, 4, 4, 6
0.0, 21, 3, 6, 71.3, 5.1, 4, 4, 1, 6
0.0, -24, 3, 6, 70.1, 5.26, 4, 1, 1, 1
0.0, 12, 3, 6, 70.8, 4.85, 1, 1, 1, 1
56.0, 3, 3, 6, 70.9, 4.87, 1, 1, 4, 1
56.0, -22, 3, 6, 69.8, 5.27, 1, 4, 6, 1
0.0, 24, 3, 6, 70.2, 5.42, 4, 6, 6, 1
57.0, 3, 3, 6, 70.6, 5.61, 6, 6, 9, 1
42.0, -12, 3, 6, 71.4, 5, 6, 9, 9, 1
0.0, -3, 3, 6, 70.4, 3.85, 9, 9, 6, 1
14.0, 12, 3, 6, 70.8, 3.89, 9, 6, 6, 6
56.0, -2, 3, 5, 71.3, 4.54, 6, 6, 4, 6
57.0, -27, 3, 5, 70.9, 5.28, 6, 4, 1, 6
0.0, 24, 3, 5, 70.9, 5.28, 4, 1, 1, 6
0.0, 12, 3, 6, 71.1, 5.36, 1, 1, 1, 6
56.0, -9, 3, 6, 72.4, 4.78, 1, 1, 4, 1
42.0, 2, 3, 6, 72.5, 4.82, 1, 4, 6, 1
14.0, -14, 3, 6, 71.6, 5.1, 4, 6, 4, 1
57.0, 17, 3, 6, 72.1, 5.26, 6, 4, 9, 1
56.0, -3, 3, 6, 72.4, 5.28, 4, 9, 6, 1
14.0, -28, 3, 6, 71.5, 5.84, 9, 6, 2, 1
56.0, 26, 3, 6, 71.6, 5.97, 6, 2, 4, 1
71.0, -14, 3, 6, 72.4, 4.78, 2, 4, 2, 4
0.0, 11, 3, 6, 72.6, 4.76, 4, 2, 1, 4
84.0, 3, 3, 5, 73.1, 5.13, 2, 1, 4, 4
155.0, -3, 3, 5, 72.7, 5.04, 1, 4, 1, 4
0.0, -16, 3, 5, 71.3, 6.05, 4, 1, 9, 4
155.0, 28, 3, 6, 72.4, 5.99, 1, 9, 1, 1
14.0, -21, 3, 6, 71.6, 5.99, 9, 1, 4, 1
0.0, 5, 3, 6, 71.2, 5.95, 1, 4, 9, 1
169.0, 4, 3, 6, 71.7, 5.51, 4, 9, 1, 1
0.0, -16, 3, 6, 69.3, 6.51, 9, 1, 9, 1
0.0, 28, 3, 6, 69.7, 6.54, 1, 9, 1, 1
127.0, -16, 3, 6, 69.3, 6.45, 9, 1, 9, 1
0.0, 7, 3, 6, 68.2, 5.58, 1, 9, 4, 1
0.0, -12, 3, 6, 67.5, 5.5, 9, 4, 4, 9
0.0, 21, 3, 6, 69.1, 5.7, 4, 4, 1, 1
169.0, -11, 3, 6, 67.9, 5.15, 4, 1, 2, 1
0.0, -9, 3, 6, 67.3, 5.44, 1, 2, 5, 1
0.0, 18, 3, 6, 68, 6.15, 2, 5, 11, 1
0.0, -12, 3, 6, 67.3, 6.39, 5, 11, 11, 1
56.0, 10, 4, 6, 68.9, 5.26, 11, 11, 9, 1
70.0, -1, 4, 6, 69, 5.33, 11, 9, 8, 4
113.0, -7, 4, 6, 69.2, 5.36, 9, 8, 1, 1
0.0, 12, 4, 6, 69.8, 5.53, 8, 1, 1, 1
14.0, -28, 4, 6, 69, 6.63, 1, 1, 9, 1
99.0, 28, 3, 6, 69, 6.63, 1, 9, 1, 1
14.0, -16, 3, 6, 69.6, 6.51, 9, 1, 9, 1
141.0, -4, 3, 6, 69.6, 6.51, 1, 9, 5, 1
0.0, 9, 3, 6, 69, 6.07, 9, 5, 2, 1
0.0, 9, 3, 6, 70.3, 5.81, 5, 2, 11, 1
14.0, -12, 3, 6, 69.2, 6.4, 2, 11, 11, 1
42.0, 10, 3, 6, 69.2, 6.4, 11, 11, 9, 1
70.0, -1, 3, 6, 69.6, 6.62, 11, 9, 8, 9
127.0, -2, 3, 6, 69.9, 6.88, 9, 8, 6, 9
99.0, -12, 4, 6, 71.7, 5.48, 8, 6, 6, 6
0.0, -12, 4, 5, 71, 5.2, 6, 6, 6, 6
154.0, 21, 3, 5, 70.7, 5.27, 6, 6, 3, 6
14.0, -9, 3, 5, 71.1, 4.72, 6, 3, 6, 6
0.0, 22, 3, 6, 71.4, 4.8, 3, 6, 4, 6
57.0, -1, 3, 6, 71.2, 4.69, 6, 4, 3, 6
56.0, -14, 3, 6, 72.2, 3.25, 4, 3, 1, 6
0.0, 12, 3, 6, 72.8, 3.84, 3, 1, 1, 6
113.0, -31, 3, 6, 71.9, 4.25, 1, 1, 6, 6
0.0, 24, 3, 6, 71.2, 3.92, 1, 6, 6, 6
0.0, -12, 3, 6, 70.3, 3.98, 6, 6, 6, 6
126.0, 24, 3, 6, 70.9, 4.32, 6, 6, 6, 6
0.0, -24, 3, 6, 71.3, 4.22, 6, 6, 6, 6
0.0, 9, 3, 6, 71.9, 3.83, 6, 6, 3, 6
113.0, 13, 3, 6, 72.1, 3.99, 6, 3, 4, 6
14.0, -13, 3, 6, 71.3, 4.5, 3, 4, 3, 6
0.0, -9, 3, 6, 71, 4.6, 4, 3, 6, 6
42.0, 21, 3, 6, 70.4, 3.85, 3, 6, 3, 6
71.0, -15, 4, 6, 71, 3.58, 6, 3, 0, 6
0.0, 13, 4, 6, 71.5, 3.75, 3, 0, 1, 6
0.0, -9, 4, 6, 72.2, 3.28, 0, 1, 4, 3
70.0, 12, 4, 6, 71.5, 3.14, 1, 4, 4, 3
42.0, -39, 4, 6, 71.3, 3.16, 4, 4, 1, 3
15.0, 12, 3, 6, 71, 3.22, 4, 1, 1, 1
112.0, 27, 3, 6, 70.9, 3.08, 1, 1, 4, 1
0.0, -27, 3, 6, 71.4, 2.42, 1, 4, 1, 1
14.0, 12, 3, 6, 72, 2.24, 4, 1, 1, 1
0.0, 7, 3, 6, 72.1, 2.3, 1, 1, 8, 1
155.0, 5, 3, 6, 72, 2.32, 1, 8, 1, 1
0.0, -5, 3, 6, 71.9, 2.21, 8, 1, 8, 1
0.0, 12, 3, 6, 72.1, 2.39, 1, 8, 8, 1
0.0, -4, 3, 6, 72.1, 2.39, 8, 8, 4, 1
14.0, -15, 4, 6, 71.3, 3.85, 8, 4, 1, 1
0.0, 3, 4, 6, 70.8, 4.4, 4, 1, 4, 1
113.0, 12, 4, 6, 70.8, 4.4, 1, 4, 4, 1
56.0, 4, 5, 6, 70.1, 4.99, 4, 4, 8, 8
42.0, -2, 5, 6, 69.8, 4.83, 4, 8, 6, 8
29.0, -22, 5, 6, 68.8, 4.89, 8, 6, 8, 8
0.0, 24, 4, 6, 68.8, 4.89, 6, 8, 8, 8
42.0, -2, 4, 6, 68.5, 4.65, 8, 8, 6, 8
42.0, -19, 4, 6, 67.2, 4.47, 8, 6, 11, 4
0.0, 9, 4, 6, 67.2, 4.47, 6, 11, 8, 8
14.0, 8, 4, 6, 68.3, 4.41, 11, 8, 4, 8
0.0, -13, 4, 6, 67.8, 5.1, 8, 4, 3, 8
56.0, 12, 4, 6, 67.9, 5.24, 4, 3, 3, 8
57.0, -26, 4, 6, 68.6, 5, 3, 3, 1, 8
0.0, 27, 4, 6, 69, 5.33, 3, 1, 4, 8
127.0, -20, 4, 6, 69.5, 5.06, 1, 4, 8, 8
0.0, 12, 4, 6, 69.8, 5.23, 4, 8, 8, 8
0.0, 5, 4, 6, 70.4, 5.66, 8, 8, 1, 8
140.0, -12, 4, 6, 71.3, 4.92, 8, 1, 1, 1
0.0, 7, 4, 6, 72, 5.04, 1, 1, 8, 1
0.0, 8, 4, 6, 72.1, 5.07, 1, 8, 4, 1
14.0, -25, 4, 6, 71.7, 6.13, 8, 4, 3, 1
127.0, 17, 4, 6, 71.2, 5.96, 4, 3, 8, 8
0.0, -12, 4, 6, 70.5, 6.45, 3, 8, 8, 8
99.0, -12, 4, 6, 69.5, 6.45, 8, 8, 8, 8
0.0, 31, 3, 6, 69.6, 6.45, 8, 8, 3, 8
56.0, 0, 3, 6, 69.4, 6.34, 8, 3, 3, 8
70.0, -19, 3, 6, 68.2, 5.91, 3, 3, 8, 8
0.0, 17, 3, 6, 68.6, 6.22, 3, 8, 1, 8
29.0, -2, 3, 6, 68.3, 5.92, 8, 1, 11, 8
84.0, 2, 3, 6, 68.3, 5.92, 1, 11, 1, 8
0.0, -24, 3, 6, 69, 4.56, 11, 1, 1, 8
113.0, 7, 3, 6, 68.1, 4.95, 1, 1, 8, 8
14.0, 12, 3, 6, 68.9, 4.7, 1, 8, 8, 8
0.0, -4, 4, 6, 69.4, 4.52, 8, 8, 4, 1
42.0, 9, 4, 6, 69.6, 4.59, 8, 4, 1, 1
56.0, -19, 4, 6, 68.6, 5.02, 4, 1, 6, 1
0.0, 17, 4, 6, 69.2, 4.92, 1, 6, 11, 1
71.0, -1, 4, 6, 68.2, 4.64, 6, 11, 10, 1
42.0, -12, 4, 6, 66.9, 4.93, 11, 10, 10, 1
14.0, 3, 4, 6, 65.1, 5.28, 10, 10, 1, 1
0.0, 7, 4, 6, 65.8, 5.29, 10, 1, 8, 8
113.0, -19, 4, 6, 64.8, 6.68, 1, 8, 1, 1
14.0, 24, 4, 6, 64.6, 6.51, 8, 1, 1, 1
126.0, -17, 4, 6, 63, 6.94, 1, 1, 8, 1
0.0, 8, 4, 6, 62.1, 6.27, 1, 8, 4, 1
0.0, 4, 4, 6, 62.4, 6.33, 8, 4, 8, 1
15.0, -7, 4, 6, 60.6, 6.18, 4, 8, 1, 1
56.0, 12, 4, 6, 61, 6.57, 8, 1, 1, 1
70.0, -2, 4, 6, 61.6, 6.73, 1, 1, 11, 1
0.0, -17, 4, 6, 61.8, 6.58, 1, 11, 6, 1
71.0, 16, 4, 6, 60.7, 6.2, 11, 6, 10, 1
70.0, -2, 4, 6, 62.5, 6.02, 6, 10, 8, 1
0.0, -10, 4, 6, 61.6, 5.64, 10, 8, 10, 8
14.0, 3, 4, 6, 61.8, 5.4, 8, 10, 1, 1
113.0, 15, 4, 6, 62.5, 5.94, 10, 1, 4, 1
0.0, 4, 4, 6, 63.5, 7.02, 1, 4, 8, 1
0.0, -43, 4, 6, 64.4, 6.14, 4, 8, 1, 1
141.0, 27, 3, 6, 64.6, 6.31, 8, 1, 4, 1
0.0, 4, 3, 6, 65.3, 6.8, 1, 4, 8, 8
0.0, -28, 3, 6, 65.8, 6.42, 4, 8, 4, 4
0.0, 12, 3, 6, 66.8, 5.88, 8, 4, 4, 4
0.0, 24, 3, 6, 67.1, 6.11, 4, 4, 4, 4
140.0, -20, 3, 6, 67.6, 5.7, 4, 4, 8, 4
0.0, -12, 3, 6, 68.5, 4.34, 4, 8, 8, 4
0.0, 36, 3, 6, 69, 4.75, 8, 8, 8, 8
0.0, -12, 3, 6, 69.1, 4.89, 8, 8, 8, 8
127.0, 8, 3, 6, 70.5, 4.65, 8, 8, 4, 4
56.0, 4, 3, 6, 70.6, 4.67, 8, 4, 8, 8
57.0, -2, 3, 6, 70.5, 4.63, 4, 8, 6, 8
14.0, 2, 3, 6, 71.4, 3.9, 8, 6, 8, 8
42.0, -2, 3, 6, 71.9, 3.75, 6, 8, 6, 8
42.0, -19, 3, 6, 70.5, 5.35, 8, 6, 11, 8
0.0, 17, 3, 6, 71.4, 5.1, 6, 11, 4, 8
14.0, -13, 4, 6, 70.7, 6.28, 11, 4, 3, 8
43.0, 12, 4, 6, 70.7, 6.28, 4, 3, 3, 8
42.0, 1, 4, 6, 70.8, 6.37, 3, 3, 4, 4
14.0, -39, 4, 6, 69.8, 6.26, 3, 4, 1, 3
113.0, 3, 3, 6, 69.3, 6.26, 4, 1, 4, 4
14.0, 28, 3, 6, 69.5, 6.38, 1, 4, 8, 4
0.0, 5, 3, 6, 69.2, 6.32, 4, 8, 1, 4
112.0, -17, 3, 6, 69, 6.23, 8, 1, 8, 4
0.0, 12, 3, 6, 70.8, 5.65, 1, 8, 8, 4
14.0, -24, 3, 6, 70.2, 5.6, 8, 8, 8, 8
0.0, 32, 3, 6, 72, 4.07, 8, 8, 4, 8
113.0, -3, 3, 6, 72.1, 4.16, 8, 4, 1, 8
56.0, 3, 3, 6, 71, 4.17, 4, 1, 4, 8
57.0, -20, 3, 6, 71, 4.17, 1, 4, 8, 8
56.0, 19, 3, 6, 71.7, 4.03, 4, 8, 3, 8
28.0, -2, 3, 6, 71.9, 4.18, 8, 3, 1, 8
14.0, -10, 3, 6, 71.1, 5.28, 3, 1, 3, 8
0.0, 5, 3, 6, 70.4, 5.7, 1, 3, 8, 8
0.0, -9, 3, 6, 68.3, 6.66, 3, 8, 11, 8
42.0, 12, 4, 6, 68.9, 6.88, 8, 11, 11, 1
71.0, 2, 4, 6, 68.9, 6.88, 11, 11, 1, 1
0.0, -24, 4, 6, 67.3, 6.9, 11, 1, 1, 1
113.0, 19, 4, 6, 68.1, 7.16, 1, 1, 8, 1
0.0, -4, 4, 6, 69, 7.4, 1, 8, 4, 1
14.0, -8, 4, 6, 67.7, 7.55, 8, 4, 8, 1
56.0, 17, 4, 6, 67.3, 7.2, 4, 8, 1, 1
42.0, -2, 4, 6, 68.2, 6.91, 8, 1, 11, 1
0.0, -17, 4, 6, 68.5, 6.79, 1, 11, 6, 1
71.0, 16, 4, 6, 69.3, 5.64, 11, 6, 10, 1
56.0, -9, 4, 6, 67.6, 6.47, 6, 10, 1, 1
0.0, 7, 4, 6, 66.9, 5.87, 10, 1, 8, 1
0.0, -10, 4, 6, 66.7, 6.13, 1, 8, 10, 8
141.0, 15, 4, 6, 66.1, 5.66, 8, 10, 1, 1
126.0, -17, 4, 6, 64.6, 5.06, 10, 1, 8, 1
0.0, 8, 4, 6, 65.1, 4.93, 1, 8, 4, 1
71.0, 9, 4, 6, 64.5, 4.39, 8, 4, 1, 1
70.0, -2, 4, 6, 64.4, 4.27, 4, 1, 11, 1
14.0, -17, 4, 6, 63.5, 4.57, 1, 11, 6, 1
71.0, 16, 4, 6, 63.3, 4.58, 11, 6, 10, 1
112.0, -12, 4, 6, 63.4, 4.45, 6, 10, 10, 10
14.0, 3, 4, 6, 61.9, 4.83, 10, 10, 1, 1
0.0, 7, 4, 6, 62.7, 4.78, 10, 1, 8, 1
155.0, -28, 4, 6, 62.8, 4.89, 1, 8, 4, 1
14.0, 28, 3, 6, 64.2, 5.81, 8, 4, 8, 1
0.0, 8, 3, 6, 65, 6.51, 4, 8, 4, 1
212.0, -17, 3, 6, 65.2, 6.57, 8, 4, 11, 4
0.0, 5, 3, 6, 65.8, 7.14, 4, 11, 4, 4
0.0, -8, 3, 6, 66.8, 6.66, 11, 4, 8, 4
0.0, 12, 3, 6, 68, 6.77, 4, 8, 8, 8
14.0, 8, 3, 6, 69.6, 6.07, 8, 8, 4, 4
140.0, 4, 3, 6, 72, 3.71, 8, 4, 8, 8
0.0, -12, 3, 6, 72.8, 3.16, 4, 8, 8, 8
113.0, -4, 4, 6, 73.4, 2.94, 8, 8, 4, 8
14.0, -12, 4, 6, 72.9, 3.21, 8, 4, 4, 4
0.0, 16, 4, 6, 72.9, 3.21, 4, 4, 8, 8
14.0, -9, 4, 6, 72.4, 4.18, 4, 8, 11, 8
57.0, 21, 4, 6, 72.1, 4.09, 8, 11, 8, 8
42.0, -33, 4, 6, 71.8, 4.47, 11, 8, 11, 8
70.0, 31, 3, 6, 71.8, 4.47, 8, 11, 6, 8
28.0, -18, 3, 6, 71.8, 4.47, 11, 6, 0, 8
14.0, 16, 3, 6, 71.4, 4.05, 6, 0, 4, 4
0.0, -28, 3, 6, 70.6, 4.25, 0, 4, 0, 4
43.0, 27, 3, 6, 70.5, 4.15, 4, 0, 3, 0
70.0, 1, 3, 6, 71.3, 4.54, 0, 3, 4, 0
0.0, -27, 3, 6, 70.6, 4.61, 3, 4, 1, 0
113.0, 24, 3, 6, 72.1, 4.32, 4, 1, 1, 0
0.0, -9, 3, 6, 72.6, 4.57, 1, 1, 4, 4
14.0, -12, 4, 6, 72.8, 4.26, 1, 4, 4, 4
112.0, 12, 4, 6, 72.8, 4.26, 4, 4, 4, 4
0.0, 12, 4, 6, 73.1, 4.44, 4, 4, 4, 4
113.0, -3, 4, 6, 73.1, 4.44, 4, 4, 1, 4
0.0, -17, 4, 6, 73.1, 4.44, 4, 1, 8, 4
14.0, -4, 4, 6, 72, 5.35, 1, 8, 4, 4
42.0, 24, 4, 6, 71.2, 5.13, 8, 4, 4, 4
43.0, -1, 4, 6, 71, 5.33, 4, 4, 3, 4
0.0, -31, 4, 6, 69.4, 5.39, 4, 3, 8, 4
42.0, 32, 3, 6, 68.7, 4.78, 3, 8, 4, 4
28.0, -1, 3, 6, 69.5, 5.08, 8, 4, 3, 4
70.0, -19, 3, 6, 68.5, 5.08, 4, 3, 8, 4
0.0, 17, 3, 6, 68, 4.43, 3, 8, 1, 4
0.0, -14, 3, 6, 66.9, 4.16, 8, 1, 11, 4
57.0, 12, 3, 6, 67.5, 4.41, 1, 11, 11, 4
56.0, -26, 3, 6, 67.9, 4.16, 11, 11, 9, 3
0.0, 28, 3, 6, 68.8, 5.15, 11, 9, 1, 1
127.0, -9, 3, 6, 69.7, 5.2, 9, 1, 4, 1
0.0, -3, 3, 6, 70.4, 4.54, 1, 4, 1, 1
0.0, -9, 3, 6, 69.9, 4.83, 4, 1, 4, 1
0.0, 17, 3, 6, 69.7, 4.65, 1, 4, 9, 1
56.0, 4, 3, 6, 70.4, 4.25, 4, 9, 1, 1
42.0, -2, 3, 6, 70.6, 4.36, 9, 1, 11, 1
14.0, -19, 3, 6, 70.9, 3.91, 1, 11, 4, 1
43.0, 17, 3, 6, 71.2, 4.09, 11, 4, 9, 1
56.0, -10, 4, 6, 71.4, 3.93, 4, 9, 11, 1
0.0, -3, 4, 6, 70.2, 3.54, 9, 11, 8, 4
14.0, 12, 4, 6, 70.4, 3.8, 11, 8, 8, 1
0.0, -4, 4, 6, 70.7, 3.8, 8, 8, 4, 4
113.0, 2, 4, 6, 71.6, 3.38, 8, 4, 6, 4
14.0, -24, 4, 6, 70.8, 3.87, 4, 6, 6, 4
141.0, 15, 3, 5, 70.7, 3.87, 6, 6, 9, 4
14.0, -3, 3, 5, 70.3, 3.72, 6, 9, 6, 6
0.0, 15, 3, 5, 71.2, 3.66, 9, 6, 9, 6
56.0, -3, 3, 5, 70.8, 3.43, 6, 9, 6, 6
56.0, -29, 3, 5, 70.2, 4.14, 9, 6, 1, 6
0.0, 27, 3, 5, 71.4, 4.48, 6, 1, 4, 6
113.0, -3, 3, 5, 71.1, 4.25, 1, 4, 1, 6
0.0, -12, 3, 5, 70.6, 4.41, 4, 1, 1, 6
0.0, 3, 3, 5, 69.9, 4.37, 1, 1, 4, 1
0.0, 21, 3, 6, 71, 4.38, 1, 4, 1, 1
56.0, -9, 3, 6, 71.4, 4.45, 4, 1, 4, 1
57.0, -22, 3, 6, 71.1, 4.64, 1, 4, 6, 1
0.0, 24, 3, 6, 71.2, 4.73, 4, 6, 6, 1
112.0, -12, 3, 6, 71.4, 4.76, 6, 6, 6, 1
14.0, 3, 3, 6, 71.7, 4.29, 6, 6, 9, 1
0.0, 12, 3, 6, 71.7, 4.29, 6, 9, 9, 1
57.0, -3, 3, 6, 71.2, 4.4, 9, 9, 6, 6
56.0, -2, 3, 6, 72, 4.29, 9, 6, 4, 6
14.0, -27, 3, 6, 71.1, 5.89, 6, 4, 1, 6
141.0, 15, 3, 5, 70.3, 5.71, 4, 1, 4, 6
0.0, 9, 3, 5, 70.2, 5.65, 1, 4, 1, 6
56.0, 3, 3, 5, 71, 5.71, 4, 1, 4, 4
42.0, -22, 3, 5, 69.7, 5.9, 1, 4, 6, 4
0.0, 24, 3, 5, 69.9, 6.04, 4, 6, 6, 4
71.0, 3, 3, 5, 70.8, 6.06, 6, 6, 9, 4
42.0, -15, 3, 5, 69.6, 5.7, 6, 9, 6, 6
0.0, 12, 3, 5, 70.1, 5.75, 9, 6, 6, 6
0.0, -9, 3, 5, 69.5, 5.52, 6, 6, 9, 6
56.0, 7, 3, 5, 71.6, 4.67, 6, 9, 4, 6
57.0, -3, 3, 5, 72.1, 4.53, 9, 4, 1, 6
0.0, -24, 3, 5, 70.9, 5.59, 4, 1, 1, 6
56.0, 27, 3, 5, 70.9, 5.59, 1, 1, 4, 6
42.0, 2, 3, 5, 72.4, 5.28, 1, 4, 6, 6
71.0, 3, 3, 5, 72.3, 5.24, 4, 6, 9, 6
42.0, -31, 3, 5, 71.4, 5.46, 6, 9, 2, 6
14.0, 28, 3, 5, 72.1, 5.17, 9, 2, 6, 6
56.0, -2, 3, 5, 72.7, 5.57, 2, 6, 4, 4
71.0, -19, 3, 5, 72.1, 6.22, 6, 4, 9, 4
14.0, 16, 3, 5, 71.3, 5.78, 4, 9, 1, 1
70.0, 3, 3, 5, 71.8, 6.11, 9, 1, 4, 4
141.0, -19, 3, 5, 71.8, 6.11, 1, 4, 9, 4
14.0, 16, 3, 5, 71.3, 6.03, 4, 9, 1, 9
141.0, 12, 3, 6, 71.1, 5.84, 9, 1, 1, 1
14.0, -21, 3, 6, 69.9, 6.33, 1, 1, 4, 1
0.0, 5, 3, 6, 70, 6.28, 1, 4, 9, 1
155.0, 4, 3, 6, 69.3, 6.29, 4, 9, 1, 1
0.0, -16, 3, 6, 66.6, 7.27, 9, 1, 9, 1
112.0, 28, 3, 6, 68, 7.77, 1, 9, 1, 1
15.0, -16, 3, 6, 67.9, 7.74, 9, 1, 9, 1
0.0, -5, 3, 6, 66.3, 7.11, 1, 9, 4, 1
140.0, 19, 3, 6, 67.6, 7.21, 9, 4, 11, 1
0.0, -9, 3, 6, 67, 7.24, 4, 11, 2, 1
0.0, -3, 3, 6, 65.2, 7.01, 11, 2, 11, 9
14.0, -6, 3, 6, 64.6, 7.5, 2, 11, 5, 9
43.0, 16, 3, 6, 65.1, 7.8, 11, 5, 9, 9
56.0, -1, 3, 6, 66, 8.35, 5, 9, 8, 9
127.0, -23, 4, 6, 67, 7.13, 9, 8, 9, 9
0.0, 16, 3, 5, 66.2, 6.37, 8, 9, 1, 9
112.0, -4, 3, 5, 66.6, 6.71, 9, 1, 9, 9
127.0, 14, 3, 5, 68.1, 7.18, 1, 9, 11, 9
14.0, -9, 3, 5, 67.9, 7.03, 9, 11, 2, 9
0.0, -9, 3, 5, 68.1, 6.95, 11, 2, 5, 9
0.0, 6, 3, 5, 68.9, 6.16, 2, 5, 11, 9
56.0, 10, 3, 5, 70.6, 4.48, 5, 11, 9, 9
57.0, -1, 3, 5, 71, 4.75, 11, 9, 8, 9
126.0, -2, 3, 5, 71.2, 4.96, 9, 8, 6, 9
99.0, 12, 4, 6, 72.7, 4.15, 8, 6, 6, 6
0.0, -36, 4, 6, 73, 3.97, 6, 6, 6, 6
155.0, 12, 3, 6, 72.5, 4.13, 6, 6, 6, 6
0.0, 22, 3, 6, 72.4, 4.03, 6, 6, 4, 6
0.0, -13, 3, 6, 72.3, 4.05, 6, 4, 3, 6
70.0, 12, 3, 6, 73.2, 3.52, 4, 3, 3, 6
43.0, -2, 3, 6, 74.3, 2.72, 3, 3, 1, 6
14.0, -12, 3, 6, 73.9, 3.14, 3, 1, 1, 6
98.0, -19, 3, 6, 73, 3.66, 1, 1, 6, 6
113.0, 24, 3, 6, 72.7, 3.44, 1, 6, 6, 6
14.0, -3, 3, 6, 72.3, 3.13, 6, 6, 3, 6
98.0, 3, 3, 6, 72.3, 3.13, 6, 3, 6, 6
15.0, 10, 3, 6, 72.3, 3.13, 3, 6, 4, 3
0.0, -22, 3, 6, 71.2, 3.54, 6, 4, 6, 6
42.0, 21, 3, 6, 71.5, 3.64, 4, 6, 3, 6
56.0, -11, 3, 6, 71.5, 3.64, 6, 3, 4, 6
0.0, 9, 3, 6, 71.2, 3.28, 3, 4, 1, 6
99.0, 5, 3, 6, 71.8, 3.37, 4, 1, 6, 6
0.0, -41, 4, 6, 71.9, 3.24, 1, 6, 1, 6
126.0, 39, 3, 6, 72, 3.32, 6, 1, 4, 4
14.0, -8, 3, 6, 72.3, 3.52, 1, 4, 8, 4
141.0, 0, 3, 6, 72.6, 3.61, 4, 8, 8, 4
14.0, -4, 3, 6, 72.4, 3.85, 8, 8, 4, 4
0.0, 12, 3, 6, 73, 3.03, 8, 4, 4, 4
155.0, 0, 3, 6, 73, 3.03, 4, 4, 4, 4
42.0, 4, 3, 6, 72.2, 3.43, 4, 4, 8, 4
57.0, -2, 3, 6, 72.1, 3.39, 4, 8, 6, 4
28.0, 2, 3, 6, 71.7, 3.26, 8, 6, 8, 4
0.0, -12, 5, 6, 71.9, 3.08, 6, 8, 8, 8
0.0, 10, 5, 6, 71.7, 2.93, 8, 8, 6, 8
14.0, -22, 5, 6, 70.2, 3.99, 8, 6, 8, 8
155.0, 20, 4, 6, 70.5, 4.43, 6, 8, 4, 4
56.0, -2, 4, 6, 71.3, 4.45, 8, 4, 2, 8
42.0, -25, 4, 6, 70.4, 5.26, 4, 2, 1, 8
15.0, 24, 4, 6, 71, 5.93, 2, 1, 1, 8
112.0, 0, 4, 6, 72, 6.02, 1, 1, 1, 1
14.0, -17, 4, 6, 71.5, 6.12, 1, 1, 8, 8
211.0, 17, 4, 6, 72.5, 6.74, 1, 8, 1, 1
15.0, -24, 4, 6, 71.9, 7.19, 8, 1, 1, 1
577.0, 20, 4, 6, 71.8, 7.18, 1, 1, 9, 1
0.0, 6, 4, 6, 73.1, 6.22, 1, 9, 3, 1
28.0, -4, 4, 6, 72.5, 6, 9, 3, 11, 1
676.0, -7, 4, 6, 71.5, 6.33, 3, 11, 4, 1
0.0, 12, 4, 6, 72.6, 5.48, 11, 4, 4, 1
0.0, 7, 4, 6, 71.9, 4.91, 4, 4, 11, 1
84.0, -15, 4, 6, 71.4, 4.61, 4, 11, 8, 1
0.0, 12, 4, 6, 72.1, 4.57, 11, 8, 8, 1
71.0, -16, 4, 6, 70.8, 3.6, 8, 8, 4, 4
0.0, 7, 5, 6, 71.5, 2.8, 8, 4, 11, 4
0.0, 12, 5, 6, 71.9, 3.11, 4, 11, 11, 11
84.0, -3, 5, 6, 71.7, 3.03, 11, 11, 8, 11
0.0, -12, 5, 6, 71.5, 3.07, 11, 8, 8, 8
71.0, 10, 5, 6, 72.2, 2.18, 8, 8, 6, 8
42.0, 2, 5, 6, 72.1, 2.17, 8, 6, 8, 8
14.0, -2, 5, 6, 70.4, 5.26, 6, 8, 6, 8
98.0, -7, 5, 6, 69.9, 5.32, 8, 6, 11, 8
0.0, 9, 5, 6, 69.8, 5.23, 6, 11, 8, 8
15.0, -28, 5, 6, 69.8, 5.23, 11, 8, 4, 8
42.0, 31, 4, 6, 70.1, 5.37, 8, 4, 11, 8
14.0, -15, 4, 6, 69.7, 5.06, 4, 11, 8, 8
70.0, -4, 4, 6, 69.7, 5.06, 11, 8, 4, 8
0.0, 7, 4, 6, 69.7, 5.06, 8, 4, 11, 8
71.0, 12, 4, 6, 70, 5.27, 4, 11, 11, 11
56.0, -19, 4, 6, 69.9, 5.24, 11, 11, 4, 11
0.0, 8, 4, 6, 71.7, 2.57, 11, 4, 0, 11
14.0, 4, 4, 6, 72.4, 2.11, 4, 0, 4, 4
99.0, 8, 4, 7, 71.7, 2.57, 0, 4, 0, 4
28.0, -1, 5, 7, 72.4, 2.42, 4, 0, 11, 11
14.0, -12, 5, 7, 72, 2.45, 0, 11, 11, 11
70.0, 17, 5, 7, 72.1, 2.47, 11, 11, 4, 4
57.0, -5, 5, 7, 72.2, 2.48, 11, 4, 11, 11
14.0, -12, 5, 7, 71.8, 3.06, 4, 11, 11, 11
0.0, -7, 5, 7, 70.7, 3.63, 11, 11, 4, 4
0.0, 12, 5, 7, 70.9, 3.7, 11, 4, 4, 4
56.0, 12, 5, 7, 70.4, 3.58, 4, 4, 4, 4
56.0, -2, 5, 7, 70.4, 3.58, 4, 4, 2, 4
14.0, -14, 5, 7, 70.4, 3.58, 4, 2, 0, 4
14.0, -8, 5, 7, 69.5, 3.44, 2, 0, 4, 4
0.0, 5, 5, 7, 69.2, 3.52, 0, 4, 9, 4
99.0, 15, 5, 7, 69.1, 3.42, 4, 9, 0, 4
70.0, -13, 5, 7, 68.9, 3.24, 9, 0, 11, 4
0.0, -3, 5, 7, 69.3, 3.1, 0, 11, 8, 4
0.0, -4, 5, 7, 69.7, 2.61, 11, 8, 4, 4
0.0, 19, 5, 7, 69.6, 2.5, 8, 4, 11, 4
0.0, -7, 5, 7, 69.9, 2.59, 4, 11, 4, 4
85.0, 12, 5, 7, 69.8, 2.44, 11, 4, 4, 4
56.0, -2, 5, 7, 70.3, 2.33, 4, 4, 2, 4
14.0, -14, 5, 7, 70.1, 2.74, 4, 2, 0, 4
0.0, -8, 5, 7, 70.1, 2.74, 2, 0, 4, 4
14.0, 5, 5, 7, 69.6, 2.8, 0, 4, 9, 4
127.0, 15, 5, 7, 69, 3.07, 4, 9, 0, 4
85.0, -13, 5, 7, 68.8, 3.06, 9, 0, 11, 4
0.0, 5, 5, 7, 68.2, 3.68, 0, 11, 4, 4
0.0, 7, 5, 7, 67.9, 3.48, 11, 4, 11, 4
14.0, -15, 5, 7, 66.7, 3.9, 4, 11, 8, 4
0.0, -16, 5, 7, 65.4, 3.75, 11, 8, 4, 4
464.0, 48, 4, 8, 65.1, 3.3, 8, 4, 4, 4
43.0, -48, 4, 8, 64.2, 4.49, 4, 4, 4, 4
56.0, 36, 4, 8, 63.7, 4.43, 4, 4, 4, 4
0.0, -29, 4, 8, 61.9, 6.07, 4, 4, 11, 4
56.0, 33, 4, 8, 61.7, 6, 4, 11, 8, 4
14.0, -36, 4, 8, 60.3, 6, 11, 8, 8, 4
42.0, 3, 4, 8, 59.5, 6.25, 8, 8, 11, 4
0.0, 29, 4, 8, 59.5, 6.25, 8, 11, 4, 4
43.0, 12, 4, 8, 60.9, 7.62, 11, 4, 4, 4
28.0, -12, 4, 8, 61.8, 7.98, 4, 4, 4, 4
0.0, -36, 4, 8, 61.3, 7.67, 4, 4, 4, 4
56.0, 4, 4, 8, 61.9, 7.38, 4, 4, 8, 4
0.0, 36, 4, 8, 62.4, 7.54, 4, 8, 8, 4
42.0, 8, 4, 8, 64.7, 6.54, 8, 8, 4, 4
0.0, -12, 4, 8, 65.4, 6.7, 8, 4, 4, 4
29.0, 12, 4, 8, 67.8, 6.48, 4, 4, 4, 4
14.0, -49, 4, 8, 68.8, 4.83, 4, 4, 3, 4
28.0, 37, 4, 8, 69.1, 4.93, 4, 3, 4, 4
56.0, -34, 4, 8, 68.5, 4.65, 3, 4, 6, 4
0.0, 36, 4, 8, 68.9, 4.85, 4, 6, 6, 4
71.0, 10, 4, 8, 70.4, 5.39, 6, 6, 4, 4
14.0, -48, 4, 8, 71, 4.58, 6, 4, 4, 4
56.0, 40, 4, 8, 71.3, 4.41, 4, 4, 8, 4
14.0, -36, 4, 8, 70.1, 5.54, 4, 8, 8, 4
56.0, 44, 4, 8, 70.9, 6.02, 8, 8, 4, 4
14.0, -48, 4, 8, 70.1, 5.54, 8, 4, 4, 4
15.0, 36, 4, 8, 71.1, 5.24, 4, 4, 4, 4
70.0, 4, 4, 8, 71, 5.23, 4, 4, 8, 4
28.0, -4, 4, 8, 71.2, 5.15, 4, 8, 4, 4
42.0, 12, 4, 8, 71.6, 5.43, 8, 4, 4, 4
14.0, -12, 4, 8, 70.8, 4.83, 4, 4, 4, 4
0.0, -36, 4, 8, 70.8, 4.83, 4, 4, 4, 4
57.0, 41, 4, 8, 71.2, 4.92, 4, 4, 9, 4
70.0, 7, 4, 8, 72.8, 3.37, 4, 9, 4, 4
0.0, -48, 4, 8, 72.2, 2.89, 9, 4, 4, 4
85.0, 4, 4, 8, 71.4, 4.2, 4, 4, 8, 4
0.0, 36, 4, 8, 71, 4.12, 4, 8, 8, 4
70.0, 8, 4, 8, 71.5, 4.39, 8, 8, 4, 4
14.0, -48, 4, 8, 71.5, 4.39, 8, 4, 4, 4
14.0, 36, 4, 8, 70.9, 3.99, 4, 4, 4, 4
57.0, -32, 4, 8, 69.5, 5.77, 4, 4, 8, 4
14.0, 36, 4, 8, 69.7, 5.71, 4, 8, 8, 4
14.0, -4, 4, 8, 69.3, 5.53, 8, 8, 4, 4
42.0, 12, 4, 8, 69.3, 5.53, 8, 4, 4, 4
14.0, -48, 4, 8, 69.1, 5.47, 4, 4, 4, 4
14.0, 8, 4, 8, 69.4, 5.14, 4, 4, 0, 4
42.0, 33, 4, 8, 69.9, 5.41, 4, 0, 9, 4
43.0, -5, 4, 8, 69.5, 5.08, 0, 9, 4, 4
42.0, 12, 4, 8, 70.3, 5.69, 9, 4, 4, 4
14.0, -48, 4, 8, 69.9, 5.77, 4, 4, 4, 4
70.0, 40, 4, 8, 71.3, 3.85, 4, 4, 8, 4
14.0, -36, 4, 8, 70.5, 4.92, 4, 8, 8, 4
71.0, 44, 4, 8, 71.2, 5.29, 8, 8, 4, 4
28.0, -48, 4, 8, 70.5, 5.06, 8, 4, 4, 4
14.0, 8, 4, 8, 70.1, 5.24, 4, 4, 0, 4
56.0, 33, 4, 8, 71.2, 5.21, 4, 0, 9, 4
57.0, -33, 4, 8, 70.8, 5.06, 0, 9, 0, 4
56.0, 40, 4, 8, 71.4, 5.5, 9, 0, 4, 4
14.0, -48, 4, 8, 70.6, 5.04, 0, 4, 4, 4
507.0, 12, 4, 8, 71.1, 4.91, 4, 4, 4, 4
14.0, 12, 4, 8, 71.4, 4.98, 4, 4, 4, 4
84.0, -8, 4, 8, 72.8, 3.66, 4, 4, 8, 4
71.0, -4, 4, 8, 72.7, 3.55, 4, 8, 4, 4
0.0, 19, 4, 8, 73.4, 3.44, 8, 4, 11, 4
0.0, -12, 4, 8, 74.2, 2.4, 4, 11, 11, 4
28.0, 5, 4, 8, 74.1, 2.34, 11, 11, 4, 4
56.0, -8, 4, 8, 74.3, 2.15, 11, 4, 8, 4
71.0, -5, 4, 6, 73, 3.19, 4, 8, 3, 4
0.0, 15, 5, 6, 73.3, 3.03, 8, 3, 6, 4
14.0, 2, 5, 6, 72.9, 3.42, 3, 6, 8, 4
84.0, -4, 5, 6, 73.1, 3.53, 6, 8, 4, 4
43.0, -12, 5, 6, 72.9, 3.48, 8, 4, 4, 4
0.0, 16, 5, 6, 72.6, 3.32, 4, 4, 8, 4
56.0, 3, 5, 6, 72.5, 3.23, 4, 8, 11, 4
14.0, -15, 5, 6, 72.4, 3.2, 8, 11, 8, 8
70.0, 3, 5, 6, 72, 3.1, 11, 8, 11, 8
0.0, -7, 5, 6, 71.9, 3.08, 8, 11, 4, 4
0.0, 12, 5, 6, 72.9, 2.17, 11, 4, 4, 4
57.0, 7, 5, 6, 73, 2.19, 4, 4, 11, 4
14.0, -15, 5, 6, 73.3, 1.62, 4, 11, 8, 4
56.0, -4, 5, 6, 72.9, 1.37, 11, 8, 4, 4
14.0, 8, 5, 6, 73, 1.41, 8, 4, 0, 4
0.0, 12, 5, 7, 73, 1.41, 4, 0, 0, 4
0.0, -8, 5, 7, 73, 1.41, 0, 0, 4, 4
42.0, 7, 5, 7, 72.5, 2.06, 0, 4, 11, 4
43.0, -2, 5, 7, 72.2, 2.44, 4, 11, 9, 4
14.0, 3, 5, 7, 72.2, 2.44, 11, 9, 0, 0
28.0, -1, 5, 7, 72.1, 2.34, 9, 0, 11, 0
14.0, -12, 5, 7, 71.7, 2.33, 0, 11, 11, 0
0.0, -7, 5, 7, 71.5, 2.46, 11, 11, 4, 0
56.0, 24, 5, 7, 71.7, 2.57, 11, 4, 4, 0
71.0, -5, 5, 7, 71.5, 2.46, 4, 4, 11, 11
14.0, -19, 5, 7, 71.6, 2.54, 4, 11, 4, 4
0.0, 12, 5, 7, 71.5, 2.42, 11, 4, 4, 4
70.0, 12, 5, 7, 71.6, 2.29, 4, 4, 4, 4
0.0, -20, 5, 7, 72.1, 1.97, 4, 4, 8, 4
56.0, -4, 5, 7, 71.9, 2.07, 4, 8, 4, 4
0.0, 8, 5, 7, 72, 2.19, 8, 4, 0, 4
43.0, -3, 5, 7, 71.4, 3.23, 4, 0, 9, 4
0.0, 17, 5, 7, 71.7, 3.13, 0, 9, 2, 4
56.0, -2, 5, 7, 71.8, 3.22, 9, 2, 0, 4
70.0, -16, 5, 7, 71.6, 3.26, 2, 0, 8, 4
0.0, 8, 5, 7, 71.5, 3.2, 0, 8, 4, 4
0.0, 7, 5, 7, 71.2, 3.09, 8, 4, 11, 4
0.0, -12, 5, 7, 71.3, 3.03, 4, 11, 11, 0
71.0, 17, 5, 7, 71.4, 3.1, 11, 11, 4, 4
56.0, -2, 5, 7, 71.5, 3.07, 11, 4, 2, 0
14.0, -22, 5, 7, 70.5, 3.38, 4, 2, 4, 4
0.0, 8, 5, 7, 71.2, 2.6, 2, 4, 0, 4
14.0, -3, 5, 7, 69.7, 4.96, 4, 0, 9, 4
99.0, 15, 5, 7, 68.9, 4.68, 0, 9, 0, 4
56.0, -1, 5, 7, 68.9, 4.68, 9, 0, 11, 4
14.0, -15, 5, 7, 68.2, 4.53, 0, 11, 8, 11
0.0, -4, 5, 7, 67.9, 4.44, 11, 8, 4, 4
0.0, 12, 5, 7, 68.2, 4.66, 8, 4, 4, 4
395.0, 24, 5, 8, 67.7, 4.27, 4, 4, 4, 4
28.0, -48, 5, 8, 66.2, 5.34, 4, 4, 4, 4
28.0, 36, 4, 8, 65.5, 5.89, 4, 4, 4, 4
14.0, -29, 4, 8, 63, 7.96, 4, 4, 11, 4
28.0, 33, 4, 8, 63.7, 7.71, 4, 11, 8, 4
14.0, -36, 4, 8, 62.9, 7.74, 11, 8, 8, 4
0.0, 32, 4, 8, 62.2, 7.37, 8, 8, 4, 4
42.0, 0, 4, 8, 62.3, 7.43, 8, 4, 4, 4
29.0, 12, 4, 8, 63.1, 8.37, 4, 4, 4, 4
28.0, -12, 4, 8, 62.5, 7.84, 4, 4, 4, 4
0.0, -36, 4, 8, 61.9, 7.54, 4, 4, 4, 4
56.0, 4, 4, 8, 61.6, 7.83, 4, 4, 8, 4
0.0, 36, 4, 8, 62.6, 7.94, 4, 8, 8, 4
42.0, -4, 4, 8, 64.8, 5.79, 8, 8, 4, 4
28.0, 12, 4, 8, 66.3, 7.17, 8, 4, 4, 4
43.0, -12, 4, 8, 67.4, 6.8, 4, 4, 4, 4
42.0, -34, 4, 8, 68, 6.65, 4, 4, 6, 4
14.0, 36, 4, 8, 68.8, 6.95, 4, 6, 6, 4
28.0, -2, 4, 8, 68.3, 6.59, 6, 6, 4, 4
42.0, 12, 4, 8, 69.6, 7.43, 6, 4, 4, 4
14.0, -48, 4, 8, 70.4, 7.1, 4, 4, 4, 4
29.0, 36, 4, 8, 72.1, 4.16, 4, 4, 4, 4
42.0, 4, 4, 8, 72.3, 4, 4, 4, 8, 4
0.0, -4, 4, 8, 72.5, 3.83, 4, 8, 4, 4
0.0, -32, 4, 8, 70.8, 4.31, 8, 4, 8, 4
28.0, 32, 4, 8, 70.9, 4.3, 4, 8, 4, 4
42.0, -36, 4, 8, 71, 4.27, 8, 4, 4, 4
0.0, 48, 4, 8, 71.2, 4.49, 4, 4, 4, 4
14.0, -12, 4, 8, 71.1, 4.5, 4, 4, 4, 4
85.0, 4, 4, 8, 70.2, 3.4, 4, 4, 8, 4
14.0, -4, 4, 8, 70.5, 3.58, 4, 8, 4, 4
42.0, 12, 4, 8, 71.5, 4.57, 8, 4, 4, 4
14.0, -12, 4, 8, 72.3, 4.92, 4, 4, 4, 4
14.0, -36, 4, 8, 72.1, 5.05, 4, 4, 4, 4
43.0, 41, 4, 8, 73.4, 3.8, 4, 4, 9, 4
42.0, -5, 4, 8, 73.5, 3.75, 4, 9, 4, 4
42.0, 12, 4, 8, 74.6, 4.15, 9, 4, 4, 4
14.0, -48, 4, 8, 73.7, 4.5, 4, 4, 4, 4
14.0, 36, 4, 8, 73.8, 4.42, 4, 4, 4, 4
57.0, -32, 4, 8, 72.9, 5.65, 4, 4, 8, 4
0.0, 3, 4, 8, 71.8, 6.35, 4, 8, 11, 4
0.0, 33, 4, 8, 70.7, 5.76, 8, 11, 8, 4
70.0, 8, 4, 8, 70.8, 5.9, 11, 8, 4, 4
28.0, -12, 4, 8, 71.7, 6.08, 8, 4, 4, 4
70.0, 4, 4, 8, 71.3, 5.98, 4, 4, 8, 4
71.0, 8, 4, 8, 71.9, 6.32, 4, 8, 4, 4
14.0, -12, 4, 8, 71.4, 5.75, 8, 4, 4, 4
28.0, -28, 4, 8, 70.9, 6.22, 4, 4, 0, 4
28.0, 33, 4, 8, 71.3, 6.34, 4, 0, 9, 4
43.0, -5, 4, 8, 72.2, 5.55, 0, 9, 4, 4
56.0, 12, 5, 8, 73.7, 4.84, 9, 4, 4, 4
0.0, -48, 5, 8, 73.8, 4.75, 4, 4, 4, 4
42.0, 36, 4, 8, 72.9, 4.53, 4, 4, 4, 4
42.0, 4, 4, 8, 72.3, 4.34, 4, 4, 8, 4
0.0, -36, 4, 8, 71.3, 5.51, 4, 8, 8, 4
43.0, 32, 4, 8, 70.4, 5.06, 8, 8, 4, 4
42.0, 12, 4, 8, 70.4, 5.06, 8, 4, 4, 4
14.0, -48, 4, 8, 71, 4.47, 4, 4, 4, 4
42.0, 36, 4, 8, 70.5, 4.27, 4, 4, 4, 4
0.0, -28, 4, 8, 69.5, 5.12, 4, 4, 0, 4
42.0, 33, 4, 8, 69.2, 4.69, 4, 0, 9, 4
0.0, -36, 4, 8, 68.6, 4.92, 0, 9, 9, 4
57.0, 31, 4, 8, 68.9, 5.09, 9, 9, 4, 4
84.0, 12, 4, 8, 69.9, 6.25, 9, 4, 4, 4
0.0, -48, 4, 8, 70.5, 5.63, 4, 4, 4, 4
423.0, 12, 4, 8, 71, 5.69, 4, 4, 4, 4
42.0, 4, 4, 8, 70.7, 5.5, 4, 4, 8, 4
14.0, 3, 4, 8, 71.1, 5.5, 4, 8, 11, 4
42.0, 5, 4, 8, 71.2, 5.49, 8, 11, 4, 4
56.0, -27, 4, 8, 72.3, 4.31, 11, 4, 1, 4
0.0, 24, 4, 8, 72.5, 4.48, 4, 1, 1, 4
0.0, -12, 4, 8, 73.4, 3.47, 1, 1, 1, 4
0.0, 10, 4, 8, 73.8, 3.63, 1, 1, 11, 4
15.0, 12, 4, 6, 73.2, 2.79, 1, 11, 11, 1
140.0, -3, 4, 6, 74.1, 1.97, 11, 11, 8, 1
141.0, -7, 4, 6, 74.2, 1.99, 11, 8, 1, 1
14.0, 10, 4, 6, 74.3, 1.95, 8, 1, 11, 1
0.0, -7, 4, 6, 74.5, 1.91, 1, 11, 4, 1
113.0, 4, 4, 6, 74.7, 1.62, 11, 4, 8, 1
84.0, -2, 5, 6, 74.2, 2.75, 4, 8, 6, 1
0.0, -27, 5, 6, 73.2, 3.31, 8, 6, 3, 11
14.0, 12, 4, 6, 72.7, 3.66, 6, 3, 3, 11
14.0, 17, 4, 6, 72.4, 3.41, 3, 3, 8, 8
57.0, -2, 4, 6, 72.1, 3.3, 3, 8, 6, 8
28.0, -2, 4, 6, 72, 3.19, 8, 6, 4, 3
28.0, 2, 4, 6, 71.8, 3.06, 6, 4, 6, 6
14.0, -14, 4, 6, 71.8, 3.06, 4, 6, 4, 4
14.0, -12, 4, 6, 71.4, 2.87, 6, 4, 4, 4
0.0, 28, 4, 6, 71.5, 2.94, 4, 4, 8, 4
85.0, 3, 4, 6, 72.5, 2.94, 4, 8, 11, 4
84.0, -19, 4, 6, 72.4, 3.14, 8, 11, 4, 4
0.0, 4, 4, 6, 72.1, 3.65, 11, 4, 8, 4
57.0, 3, 4, 6, 71.7, 3.63, 4, 8, 11, 4
28.0, 5, 4, 6, 71.7, 3.63, 8, 11, 4, 4
0.0, 4, 4, 6, 71.3, 3.47, 11, 4, 8, 4
112.0, 3, 4, 6, 71.7, 3.85, 4, 8, 11, 4
127.0, -11, 4, 6, 70.6, 4.54, 8, 11, 0, 4
14.0, -3, 5, 6, 69.5, 5.54, 11, 0, 9, 8
71.0, 12, 5, 6, 69.3, 5.4, 0, 9, 9, 11
28.0, 3, 5, 7, 68.7, 4.82, 9, 9, 0, 0
42.0, -1, 5, 7, 69.6, 5.06, 9, 0, 11, 11
99.0, 5, 5, 7, 69.9, 4.87, 0, 11, 4, 11
126.0, -5, 5, 7, 69.3, 5.18, 11, 4, 11, 11
14.0, -7, 5, 7, 68.1, 5.77, 4, 11, 4, 11
71.0, 12, 5, 7, 67.7, 5.69, 11, 4, 4, 4
70.0, -2, 5, 7, 67.1, 4.95, 4, 4, 2, 4
28.0, -17, 5, 7, 67.4, 4.78, 4, 2, 9, 4
113.0, 15, 5, 7, 67.7, 4.38, 2, 9, 0, 4
113.0, -16, 5, 7, 65.7, 6.17, 9, 0, 8, 4
0.0, 8, 5, 7, 64.6, 6.1, 0, 8, 4, 4
0.0, -12, 5, 7, 62.8, 5.38, 8, 4, 4, 4
14.0, 19, 5, 7, 62.2, 5.1, 4, 4, 11, 4
112.0, 5, 5, 7, 62.5, 5.28, 4, 11, 4, 4
85.0, -2, 5, 7, 63.4, 5.54, 11, 4, 2, 4
28.0, -10, 5, 7, 62.6, 5.54, 4, 2, 4, 4
14.0, -7, 5, 7, 61.1, 5.07, 2, 4, 9, 4
113.0, 15, 5, 7, 60.6, 4.8, 4, 9, 0, 4
169.0, -1, 5, 7, 59.8, 5, 9, 0, 11, 4
14.0, -19, 5, 7, 59.2, 6.13, 0, 11, 4, 4
0.0, 4, 5, 7, 57.1, 8.6, 11, 4, 8, 4
0.0, 8, 5, 7, 56.8, 8.65, 4, 8, 4, 4
577.0, -12, 5, 7, 56.6, 8.55, 8, 4, 4, 4
84.0, 7, 5, 7, 56.6, 8.55, 4, 4, 11, 4
43.0, 5, 5, 7, 56.5, 8.41, 4, 11, 4, 4
56.0, 4, 5, 7, 56.9, 8.61, 11, 4, 8, 4
56.0, -31, 5, 7, 56.5, 8.73, 4, 8, 1, 4
0.0, 34, 4, 6, 57.1, 9.21, 8, 1, 11, 4
0.0, -7, 4, 6, 58.1, 9.47, 1, 11, 4, 4
197.0, 4, 4, 6, 59, 8.67, 11, 4, 8, 4
0.0, -7, 4, 6, 60.1, 6.49, 4, 8, 1, 4
169.0, 10, 4, 6, 61.5, 6.53, 8, 1, 11, 4
14.0, -7, 4, 6, 62, 6.59, 1, 11, 4, 4
0.0, -3, 4, 6, 61.7, 6.42, 11, 4, 1, 1
99.0, 7, 4, 6, 60.7, 6.13, 4, 1, 8, 1
99.0, -29, 4, 6, 60.3, 6.1, 1, 8, 3, 1
28.0, 29, 4, 6, 62, 5.92, 8, 3, 8, 8
70.0, -4, 4, 6, 62.3, 6.23, 3, 8, 4, 4
28.0, 2, 4, 6, 63.2, 7.14, 8, 4, 6, 8
43.0, 2, 4, 6, 64.7, 6.83, 4, 6, 8, 8
0.0, -28, 4, 6, 66.1, 4.81, 6, 8, 4, 4
42.0, 31, 4, 6, 66.2, 4.85, 8, 4, 11, 4
169.0, -15, 4, 6, 66.5, 4.86, 4, 11, 8, 8
28.0, 8, 4, 6, 67, 4.84, 11, 8, 4, 8
0.0, -8, 4, 6, 67.7, 3.9, 8, 4, 8, 8
0.0, 3, 4, 6, 68.5, 2.66, 4, 8, 11, 8
113.0, 12, 4, 6, 69.2, 3.49, 8, 11, 11, 4
211.0, 2, 4, 7, 69.1, 3.48, 11, 11, 1, 8
14.0, -12, 4, 7, 68, 3.49, 11, 1, 1, 8
14.0, 3, 4, 7, 66.6, 4.92, 1, 1, 4, 4
42.0, 7, 5, 7, 66.7, 4.88, 1, 4, 11, 11
56.0, -2, 5, 7, 66.3, 4.84, 4, 11, 9, 11
29.0, 4, 5, 7, 66.6, 5.02, 11, 9, 1, 1
42.0, -2, 5, 7, 66.5, 4.98, 9, 1, 11, 11
0.0, -12, 5, 7, 66.2, 5.15, 1, 11, 11, 11
113.0, 17, 5, 7, 66.5, 5.28, 11, 11, 4, 11
126.0, -5, 5, 7, 65.1, 4.35, 11, 4, 11, 11
0.0, -7, 5, 7, 64.1, 4.48, 4, 11, 4, 11
113.0, 12, 5, 7, 63.9, 4.57, 11, 4, 4, 4
56.0, -1, 5, 7, 64.6, 3.77, 4, 4, 3, 11
42.0, 1, 5, 7, 65, 4, 4, 3, 4, 4
29.0, -1, 5, 7, 64.7, 4.1, 3, 4, 3, 4
0.0, 1, 5, 7, 63.9, 3.53, 4, 3, 4, 4
140.0, -3, 5, 7, 63.5, 3.26, 3, 4, 1, 4
155.0, -2, 6, 7, 62.9, 3.96, 4, 1, 11, 4
0.0, -7, 6, 7, 61.4, 3.83, 1, 11, 4, 4
0.0, -12, 6, 7, 60, 5.53, 11, 4, 4, 4
141.0, 24, 5, 7, 59.8, 5.6, 4, 4, 4, 4
56.0, -1, 5, 7, 60.5, 6.12, 4, 4, 3, 4
43.0, -18, 5, 7, 59.3, 6.66, 4, 3, 9, 4
126.0, 16, 5, 7, 58.8, 6.08, 3, 9, 1, 4
197.0, -9, 5, 7, 58.3, 6, 9, 1, 4, 4
0.0, -12, 5, 7, 56.7, 6.63, 1, 4, 4, 4
15.0, 19, 5, 7, 55.6, 6.23, 4, 4, 11, 4
535.0, -19, 5, 7, 54.6, 6.86, 4, 11, 4, 4
28.0, 4, 5, 7, 55.2, 7.12, 11, 4, 8, 4
42.0, 8, 5, 7, 57.3, 7.76, 4, 8, 4, 4
28.0, 4, 5, 7, 58.5, 8.51, 8, 4, 8, 4
28.0, 3, 5, 7, 59, 9.18, 4, 8, 11, 4
57.0, -2, 5, 7, 61.2, 9.62, 8, 11, 9, 4
56.0, -1, 5, 6, 62.5, 10.73, 11, 9, 8, 4
56.0, -17, 5, 6, 62.8, 10.61, 9, 8, 3, 4
14.0, 15, 5, 6, 65.9, 10.05, 8, 3, 6, 8
352.0, -9, 5, 6, 66.1, 9.81, 3, 6, 9, 8
127.0, 11, 5, 6, 66.9, 8.36, 6, 9, 8, 8
56.0, -2, 5, 6, 67.8, 8.16, 9, 8, 6, 8
57.0, -2, 5, 6, 68.4, 8.44, 8, 6, 4, 8
42.0, 2, 5, 6, 69, 8.67, 6, 4, 6, 6
42.0, -18, 5, 6, 66.6, 10.38, 4, 6, 0, 6
28.0, 20, 5, 6, 66.9, 10.61, 6, 0, 8, 6
57.0, -4, 5, 6, 66.7, 10.43, 0, 8, 4, 6
126.0, -27, 5, 6, 65.9, 11.19, 8, 4, 1, 6
14.0, 24, 4, 6, 64.8, 10.47, 4, 1, 1, 1
352.0, -9, 4, 6, 65, 10.3, 1, 1, 4, 4
0.0, -3, 4, 6, 64.4, 11.07, 1, 4, 1, 1
99.0, 10, 4, 6, 64.4, 11.07, 4, 1, 11, 1
85.0, -12, 4, 6, 64.1, 10.81, 1, 11, 11, 1
84.0, 7, 4, 6, 64.1, 10.81, 11, 11, 6, 1
127.0, -15, 4, 6, 65.4, 9.64, 11, 6, 3, 1
70.0, 20, 4, 6, 65, 9.26, 6, 3, 11, 1
225.0, -14, 4, 6, 63.1, 8.96, 3, 11, 9, 1
14.0, -3, 4, 6, 63, 9.09, 11, 9, 6, 11
99.0, 15, 4, 5, 63.5, 9.43, 9, 6, 9, 11
85.0, 0, 4, 5, 64.9, 9.4, 6, 9, 9, 9
28.0, 2, 4, 5, 67.1, 7.58, 9, 9, 11, 11
14.0, -24, 4, 5, 65.6, 8.31, 9, 11, 11, 11
394.0, 5, 3, 5, 64.9, 8.03, 11, 11, 4, 9
14.0, 16, 3, 5, 64.8, 7.91, 11, 4, 8, 9
451.0, -9, 3, 5, 63.2, 9.72, 4, 8, 11, 11
126.0, 5, 3, 5, 61.7, 9.4, 8, 11, 4, 9
127.0, 4, 3, 5, 63.4, 9.75, 11, 4, 8, 11
155.0, -17, 3, 5, 63.8, 9.3, 4, 8, 3, 11
84.0, 8, 3, 5, 62.4, 9.01, 8, 3, 11, 11
127.0, 5, 3, 5, 61.9, 8.65, 3, 11, 4, 11
141.0, -15, 3, 5, 59.8, 8.98, 11, 4, 1, 4
14.0, 24, 4, 6, 60.5, 8.85, 4, 1, 1, 4
113.0, -17, 4, 6, 59.9, 8.72, 1, 1, 8, 8
84.0, 20, 4, 6, 59.7, 8.41, 1, 8, 4, 4
0.0, -8, 4, 6, 62.2, 7.65, 8, 4, 8, 4
113.0, -4, 4, 6, 62.8, 7.45, 4, 8, 4, 4
56.0, 9, 4, 6, 62.9, 7.6, 8, 4, 1, 1
0.0, 7, 4, 6, 64.7, 7.64, 4, 1, 8, 1
99.0, -19, 4, 6, 65, 7.43, 1, 8, 1, 1
70.0, 7, 4, 6, 65.7, 7.81, 8, 1, 8, 1
0.0, 8, 4, 6, 67.8, 5.53, 1, 8, 4, 8
70.0, 4, 4, 6, 68.5, 5.18, 8, 4, 8, 8
71.0, -36, 5, 6, 68.4, 5.37, 4, 8, 8, 8
0.0, 34, 3, 6, 68.1, 5.24, 8, 8, 6, 8
14.0, -7, 3, 6, 68, 5.2, 8, 6, 11, 8
56.0, -20, 3, 6, 67.9, 5.3, 6, 11, 3, 8
71.0, 8, 3, 6, 66.9, 4.99, 11, 3, 11, 8
0.0, 17, 3, 6, 66.7, 4.78, 3, 11, 4, 8
0.0, -5, 3, 6, 67.4, 4.39, 11, 4, 11, 8
84.0, 4, 3, 6, 67.3, 4.27, 4, 11, 3, 11
85.0, 1, 3, 6, 67.7, 4.67, 11, 3, 4, 11
84.0, -24, 3, 6, 67, 4.94, 3, 4, 4, 4
56.0, 12, 4, 6, 68, 3.92, 4, 4, 4, 4
0.0, 9, 4, 6, 68.4, 4.2, 4, 4, 1, 4
85.0, -17, 4, 6, 67.4, 4.84, 4, 1, 8, 4
56.0, 20, 4, 6, 68.5, 4.74, 1, 8, 4, 4
0.0, -8, 4, 6, 69.3, 4.58, 8, 4, 8, 4
127.0, 5, 4, 6, 69.7, 4.88, 4, 8, 1, 4
14.0, -9, 4, 6, 70.2, 4.94, 8, 1, 4, 4
70.0, 12, 4, 6, 70.1, 4.91, 1, 4, 4, 4
43.0, -32, 4, 6, 68.8, 5.4, 4, 4, 8, 4
28.0, 31, 3, 6, 69.5, 4.9, 4, 8, 3, 4
42.0, -24, 3, 6, 68.1, 6.77, 8, 3, 3, 4
56.0, 8, 3, 6, 67, 6.78, 3, 3, 11, 4
29.0, 14, 3, 6, 67.6, 6.39, 3, 11, 1, 4
84.0, -2, 3, 6, 67, 6.13, 11, 1, 11, 1
113.0, 2, 3, 6, 66.8, 6, 1, 11, 1, 1
14.0, -24, 3, 6, 64.3, 7.16, 11, 1, 1, 1
112.0, 7, 3, 6, 63.4, 6.55, 1, 1, 8, 1
43.0, 12, 3, 6, 63.4, 6.55, 1, 8, 8, 1
14.0, -4, 4, 6, 64.2, 6.69, 8, 8, 4, 1
70.0, 9, 4, 6, 64.7, 7.2, 8, 4, 1, 1
85.0, -2, 4, 6, 66.2, 6.32, 4, 1, 11, 1
56.0, -29, 4, 6, 66, 6.48, 1, 11, 6, 1
14.0, 28, 3, 6, 66.5, 6.65, 11, 6, 10, 1
99.0, -2, 3, 6, 67, 6.86, 6, 10, 8, 1
0.0, -19, 3, 6, 65.7, 7.38, 10, 8, 1, 1
70.0, 9, 3, 6, 66.4, 6.07, 8, 1, 10, 8
99.0, -9, 3, 6, 66, 6.34, 1, 10, 1, 1
14.0, 24, 3, 6, 66, 6.34, 10, 1, 1, 1
84.0, -17, 3, 6, 65.7, 6.26, 1, 1, 8, 1
56.0, 8, 3, 6, 65.8, 6.4, 1, 8, 4, 1
0.0, 4, 3, 6, 66.4, 6.93, 8, 4, 8, 1
85.0, 5, 4, 6, 68.1, 7.23, 4, 8, 1, 1
0.0, -12, 4, 6, 67.4, 7.26, 8, 1, 1, 1
84.0, 10, 4, 6, 67.4, 7.26, 1, 1, 11, 1
71.0, -29, 4, 6, 68.1, 6.52, 1, 11, 6, 1
0.0, 28, 3, 6, 69.6, 5.43, 11, 6, 10, 1
126.0, -2, 3, 6, 70.7, 4.38, 6, 10, 8, 1
0.0, -19, 3, 6, 69.3, 6, 10, 8, 1, 1
99.0, 21, 3, 6, 69.7, 5.9, 8, 1, 10, 1
0.0, -12, 3, 6, 69, 5.64, 1, 10, 10, 1
211.0, 22, 3, 6, 68.7, 5.39, 10, 10, 8, 1
0.0, -12, 3, 6, 68.1, 4.72, 10, 8, 8, 8
71.0, -12, 3, 6, 68.6, 4.52, 8, 8, 8, 8
70.0, 12, 3, 6, 68.7, 4.61, 8, 8, 8, 8
14.0, 8, 4, 6, 69.5, 4.41, 8, 8, 4, 8
0.0, -12, 4, 6, 69.3, 4.34, 8, 4, 4, 8
99.0, -3, 4, 6, 69, 4.31, 4, 4, 1, 8
0.0, 12, 4, 6, 70.2, 1.66, 4, 1, 1, 8
98.0, -5, 4, 6, 70.2, 1.66, 1, 1, 8, 8
0.0, 12, 4, 6, 70.9, 2.02, 1, 8, 8, 8
169.0, -4, 4, 6, 70.5, 2.16, 8, 8, 4, 8
0.0, 4, 4, 6, 70.3, 2.19, 8, 4, 8, 8
0.0, -12, 5, 6, 70.6, 2.2, 4, 8, 8, 8
71.0, 12, 5, 6, 69.9, 2.43, 8, 8, 8, 8
70.0, -36, 5, 6, 69, 3.07, 8, 8, 8, 8
14.0, 36, 3, 6, 69.1, 3.11, 8, 8, 8, 8
42.0, -2, 3, 6, 68.9, 3.24, 8, 8, 6, 8
43.0, -19, 3, 6, 68.1, 4.01, 8, 6, 11, 8
14.0, 17, 3, 6, 68.3, 4.15, 6, 11, 4, 8
56.0, -1, 3, 6, 67.9, 3.65, 11, 4, 3, 8
113.0, -26, 3, 6, 67, 4.52, 4, 3, 1, 8
0.0, 27, 3, 6, 67, 4.52, 3, 1, 4, 8
70.0, -24, 3, 6, 66, 4.4, 1, 4, 4, 4
70.0, 21, 3, 6, 66.7, 4.88, 4, 4, 1, 4
0.0, -9, 4, 6, 67.5, 4.86, 4, 1, 4, 4
85.0, -8, 4, 6, 67.2, 4.73, 1, 4, 8, 4
56.0, 12, 4, 6, 68, 5.12, 4, 8, 8, 4
0.0, 8, 4, 6, 69.3, 4.82, 8, 8, 4, 4
71.0, -13, 4, 6, 68.5, 4.96, 8, 4, 3, 4
70.0, 10, 4, 6, 69, 5.42, 4, 3, 1, 4
0.0, -9, 4, 6, 70.7, 4.63, 3, 1, 4, 4
14.0, -3, 4, 6, 70.6, 4.67, 1, 4, 1, 4
70.0, 15, 4, 6, 71.6, 3.69, 4, 1, 4, 4
85.0, -32, 4, 6, 70.4, 4.82, 1, 4, 8, 4
14.0, 31, 3, 6, 70, 4.92, 4, 8, 3, 4
14.0, -9, 3, 6, 69, 6.1, 8, 3, 6, 4
56.0, -15, 3, 6, 67.1, 7.12, 3, 6, 3, 3
85.0, 22, 3, 6, 66.7, 6.83, 6, 3, 1, 1
14.0, -7, 3, 6, 65.9, 7.53, 3, 1, 6, 1
70.0, 5, 3, 6, 65.1, 6.8, 1, 6, 11, 1
141.0, 2, 3, 6, 65, 6.65, 6, 11, 1, 1
99.0, -24, 3, 6, 64.4, 6.62, 11, 1, 1, 1
70.0, 7, 3, 6, 63.6, 6.12, 1, 1, 8, 1
0.0, 8, 4, 6, 64.4, 6.25, 1, 8, 4, 1
14.0, 4, 4, 6, 64.2, 6.19, 8, 4, 8, 1
57.0, 5, 4, 6, 65.6, 6.22, 4, 8, 1, 1
14.0, -12, 4, 6, 65.3, 6.77, 8, 1, 1, 1
84.0, -19, 4, 6, 64.6, 6.61, 1, 1, 6, 1
0.0, 29, 3, 6, 66.2, 6.26, 1, 6, 11, 1
85.0, -22, 3, 6, 64.8, 7.19, 6, 11, 1, 1
0.0, 21, 3, 6, 63.9, 6.38, 11, 1, 10, 1
98.0, -2, 3, 6, 64.9, 6.77, 1, 10, 8, 1
56.0, -10, 3, 6, 64.4, 7, 10, 8, 10, 1
85.0, 6, 3, 6, 64.7, 7.25, 8, 10, 4, 1
14.0, 9, 3, 6, 65.2, 7.43, 10, 4, 1, 1
99.0, -17, 3, 6, 64.3, 7.09, 4, 1, 8, 1
70.0, 12, 3, 6, 65.2, 5.95, 1, 8, 8, 8
0.0, -4, 4, 6, 65.1, 5.99, 8, 8, 4, 8
84.0, 9, 4, 6, 64.3, 5.53, 8, 4, 1, 1
127.0, -2, 4, 6, 65.2, 4.4, 4, 1, 11, 8
0.0, -29, 4, 6, 64, 5.51, 1, 11, 6, 8
99.0, 28, 3, 6, 62.6, 5.06, 11, 6, 10, 1
14.0, -21, 3, 6, 61, 7.76, 6, 10, 1, 1
127.0, 19, 3, 6, 60.5, 7.17, 10, 1, 8, 1
0.0, -10, 3, 6, 58.9, 6.64, 1, 8, 10, 8
154.0, -4, 3, 6, 59.3, 6.99, 8, 10, 6, 1
212.0, 17, 3, 6, 59.4, 7.02, 10, 6, 11, 1
0.0, -31, 3, 6, 58.6, 7.13, 6, 11, 4, 1
112.0, 7, 3, 5, 57.8, 6.93, 11, 4, 11, 11
85.0, 29, 3, 6, 58.8, 8.21, 4, 11, 4, 4
0.0, -24, 3, 6, 60.1, 8.37, 11, 4, 4, 4
98.0, 4, 3, 6, 60.7, 8.41, 4, 4, 8, 4
57.0, 12, 3, 6, 63.9, 7.05, 4, 8, 8, 4
14.0, 12, 3, 6, 64.8, 7.91, 8, 8, 8, 4
14.0, -9, 3, 6, 66.2, 7.07, 8, 8, 11, 4
56.0, -7, 3, 6, 67.6, 8.36, 8, 11, 4, 4
85.0, 7, 3, 6, 68.7, 8.27, 11, 4, 11, 4
14.0, 5, 3, 6, 70.4, 6.67, 4, 11, 4, 4
70.0, 4, 4, 6, 71.7, 4.71, 11, 4, 8, 4
56.0, -45, 4, 6, 70.9, 5.09, 4, 8, 11, 8
0.0, 43, 2, 6, 71.6, 4.98, 8, 11, 6, 8
29.0, 2, 2, 6, 72.4, 4.29, 11, 6, 8, 8
126.0, -33, 2, 6, 71.3, 4.86, 6, 8, 11, 11
0.0, 29, 2, 6, 71.2, 4.77, 8, 11, 4, 11
85.0, -1, 2, 6, 72.2, 5.04, 11, 4, 3, 4
0.0, -27, 2, 6, 70.4, 4.78, 4, 3, 0, 11
112.0, -11, 2, 6, 69.3, 5.29, 3, 0, 1, 4
14.0, 39, 2, 6, 69.6, 5.46, 0, 1, 4, 4
85.0, -27, 2, 6, 68.6, 6.33, 1, 4, 1, 1
56.0, 24, 3, 6, 69.5, 6.39, 4, 1, 1, 1
14.0, -9, 3, 6, 69.2, 6.24, 1, 1, 4, 1
71.0, -12, 3, 6, 68.2, 6.51, 1, 4, 4, 4
70.0, 24, 3, 6, 69.1, 6.49, 4, 4, 4, 4
14.0, -20, 3, 6, 68, 6.32, 4, 4, 8, 4
0.0, 12, 3, 6, 67.8, 6.03, 4, 8, 8, 4
99.0, -5, 3, 6, 68.6, 5.87, 8, 8, 3, 4
70.0, 10, 4, 6, 70.1, 5.91, 8, 3, 1, 4
0.0, -9, 4, 6, 70.4, 6.17, 3, 1, 4, 4
99.0, 12, 4, 6, 71.9, 4.91, 1, 4, 4, 4
70.0, -32, 4, 6, 70.7, 5.66, 4, 4, 8, 4
14.0, 31, 3, 6, 70.5, 5.68, 4, 8, 3, 4
14.0, -9, 3, 6, 70.8, 5.29, 8, 3, 6, 4
43.0, -15, 3, 6, 69.2, 6.63, 3, 6, 3, 3
98.0, 22, 3, 6, 69.9, 6.41, 6, 3, 1, 3
14.0, -26, 3, 6, 67.1, 8.8, 3, 1, 11, 3
85.0, 24, 3, 6, 66.6, 8.71, 1, 11, 11, 1
112.0, -26, 3, 6, 64.8, 8.22, 11, 11, 9, 3
28.0, 28, 3, 6, 64.2, 7.49, 11, 9, 1, 1
15.0, -9, 3, 6, 62.6, 6.92, 9, 1, 4, 1
98.0, -12, 3, 6, 62.2, 7.05, 1, 4, 4, 1
56.0, 12, 3, 6, 62.4, 7.27, 4, 4, 4, 4
0.0, 5, 3, 6, 62.9, 7.6, 4, 4, 9, 4
15.0, -8, 3, 6, 63.6, 7.34, 4, 9, 1, 1
56.0, 12, 3, 6, 63.8, 7.56, 9, 1, 1, 1
84.0, -2, 3, 6, 66.4, 5.99, 1, 1, 11, 1
0.0, -31, 3, 6, 66.1, 6.07, 1, 11, 4, 4
71.0, 29, 3, 6, 67.2, 5.67, 11, 4, 9, 4
0.0, -17, 3, 6, 66.4, 5.64, 4, 9, 4, 4
70.0, 16, 3, 6, 68.2, 5.55, 9, 4, 8, 4
14.0, -12, 3, 6, 69.2, 4.4, 4, 8, 8, 4
141.0, 10, 3, 6, 69.5, 4.61, 8, 8, 6, 1
14.0, -24, 3, 6, 68.7, 5.12, 8, 6, 6, 1
56.0, 7, 3, 6, 67.9, 6.28, 6, 6, 1, 1
71.0, 8, 3, 5, 67.7, 6.15, 6, 1, 9, 4
14.0, 12, 3, 5, 67.7, 6.15, 1, 9, 9, 9
56.0, -3, 3, 5, 68.3, 5.95, 9, 9, 6, 6
85.0, -2, 3, 5, 68.8, 6.27, 9, 6, 4, 6
0.0, -27, 3, 5, 68.8, 6.27, 6, 4, 1, 6
70.0, 15, 3, 5, 67.9, 5.8, 4, 1, 4, 6
70.0, 9, 3, 5, 67.9, 5.8, 1, 4, 1, 1
57.0, 3, 3, 5, 68.1, 6.04, 4, 1, 4, 1
56.0, 2, 3, 5, 69.4, 5.99, 1, 4, 6, 1
14.0, -24, 3, 5, 70.3, 4.36, 4, 6, 6, 4
85.0, 15, 3, 5, 70.6, 4.5, 6, 6, 9, 4
56.0, 12, 3, 5, 70.5, 4.43, 6, 9, 9, 4
56.0, -3, 3, 5, 70.6, 4.41, 9, 9, 6, 4
71.0, -29, 3, 5, 69.2, 4.98, 9, 6, 1, 1
0.0, 27, 3, 5, 70.5, 4.88, 6, 1, 4, 4
70.0, -12, 3, 5, 70.6, 4.82, 1, 4, 4, 4
56.0, 9, 3, 5, 71, 4.75, 4, 4, 1, 4
57.0, 3, 3, 5, 71, 4.75, 4, 1, 4, 4
56.0, -22, 3, 5, 70.4, 4.59, 1, 4, 6, 4
70.0, 15, 3, 5, 71.2, 4.26, 4, 6, 9, 4
15.0, 7, 3, 5, 70.6, 4.25, 6, 9, 4, 4
56.0, 2, 3, 5, 70.2, 4.19, 9, 4, 6, 4
42.0, -2, 3, 5, 70.9, 4.66, 4, 6, 4, 4
85.0, -27, 3, 5, 71, 4.45, 6, 4, 1, 4
70.0, 15, 3, 5, 70.1, 4.25, 4, 1, 4, 4
0.0, 12, 3, 5, 70.9, 4.53, 1, 4, 4, 4
56.0, 2, 3, 5, 71.2, 4.69, 4, 4, 6, 4
14.0, -5, 3, 5, 70.4, 4.48, 4, 6, 1, 4
71.0, 3, 3, 5, 70.5, 4.46, 6, 1, 4, 4
0.0, 5, 3, 5, 70.6, 4.52, 1, 4, 9, 4
84.0, -31, 3, 5, 70.7, 4.47, 4, 9, 2, 4
0.0, 23, 3, 5, 70.6, 4.52, 9, 2, 1, 4
14.0, 5, 3, 5, 70.2, 4.09, 2, 1, 6, 1
85.0, -2, 3, 5, 71.6, 3.38, 1, 6, 4, 4
98.0, -10, 3, 5, 72, 3.03, 6, 4, 6, 4
14.0, 7, 3, 5, 71.1, 3.05, 4, 6, 1, 1
85.0, 3, 3, 5, 71.1, 3.05, 6, 1, 4, 1
141.0, -19, 3, 5, 70.7, 3.63, 1, 4, 9, 4
0.0, 16, 3, 5, 70.3, 3.9, 4, 9, 1, 1
0.0, 12, 3, 6, 70.2, 3.82, 9, 1, 1, 1
112.0, -21, 3, 6, 69.6, 4.39, 1, 1, 4, 1
85.0, 21, 3, 6, 70.5, 4.86, 1, 4, 1, 1
56.0, -16, 3, 6, 70.2, 4.79, 4, 1, 9, 1
71.0, -12, 3, 6, 68.9, 4.81, 1, 9, 9, 1
70.0, 7, 3, 6, 68.5, 4.78, 9, 9, 4, 1
56.0, 21, 3, 6, 69.7, 5.68, 9, 4, 1, 1
85.0, -16, 3, 6, 69, 5.4, 4, 1, 9, 1
56.0, 14, 3, 6, 69.9, 5.24, 1, 9, 11, 1
56.0, -2, 3, 6, 70.5, 5.1, 9, 11, 9, 9
57.0, -1, 3, 6, 70.7, 5.24, 11, 9, 8, 9
28.0, -6, 3, 6, 71.4, 4.59, 9, 8, 2, 9
141.0, -17, 3, 6, 70.3, 4.43, 8, 2, 9, 9
14.0, 16, 3, 6, 70.2, 4.45, 2, 9, 1, 9
56.0, -9, 3, 6, 70.5, 4.03, 9, 1, 4, 9
71.0, 21, 3, 6, 71.6, 4.41, 1, 4, 1, 1
56.0, -16, 3, 6, 70.6, 3.69, 4, 1, 9, 9
84.0, 14, 3, 6, 71.1, 3.65, 1, 9, 11, 9
43.0, -12, 3, 6, 69.7, 5.06, 9, 11, 11, 9
0.0, 10, 3, 6, 69.7, 5.06, 11, 11, 9, 9
70.0, -1, 3, 6, 69.7, 5.06, 11, 9, 8, 9
42.0, -6, 3, 6, 69.7, 5.06, 9, 8, 2, 9
113.0, 4, 4, 6, 70.4, 4.98, 8, 2, 6, 1
0.0, -24, 4, 6, 70.5, 4.96, 2, 6, 6, 6
56.0, 12, 3, 6, 71.3, 4.82, 6, 6, 6, 6
71.0, 12, 3, 5, 70.4, 4.29, 6, 6, 6, 6
0.0, 12, 3, 6, 71.2, 4.69, 6, 6, 6, 6
70.0, -15, 3, 6, 71.2, 4.69, 6, 6, 3, 6
56.0, 13, 3, 6, 72.9, 2.55, 6, 3, 4, 6
14.0, -10, 3, 6, 72.7, 2.69, 3, 4, 6, 6
57.0, 9, 3, 6, 72.8, 2.79, 4, 6, 3, 6
70.0, -2, 3, 6, 73.8, 3.34, 6, 3, 1, 6
127.0, -31, 3, 6, 73, 4.27, 3, 1, 6, 6
0.0, 24, 3, 6, 73.7, 4.29, 1, 6, 6, 6
141.0, -24, 3, 6, 72.5, 5.54, 6, 6, 6, 6
0.0, 24, 3, 6, 72.8, 5.42, 6, 6, 6, 6
0.0, 12, 3, 6, 72.8, 5.42, 6, 6, 6, 6
84.0, -24, 3, 6, 72.4, 5.54, 6, 6, 6, 6
56.0, 9, 3, 6, 71.4, 5.7, 6, 6, 3, 6
14.0, 13, 3, 6, 71.8, 5.72, 6, 3, 4, 6
71.0, -1, 3, 6, 71.7, 5.66, 3, 4, 3, 6
98.0, -2, 3, 6, 71.1, 5.03, 4, 3, 1, 6
0.0, -9, 3, 6, 72, 4.65, 3, 1, 4, 6
15.0, -4, 3, 6, 69.9, 6.35, 1, 4, 0, 6
56.0, 16, 4, 6, 70.3, 5.95, 4, 0, 4, 4
56.0, 2, 4, 6, 70.3, 5.95, 0, 4, 6, 4
14.0, -41, 4, 6, 68.3, 6.68, 4, 6, 1, 4
14.0, 43, 3, 6, 68.6, 6.77, 6, 1, 8, 4
57.0, -31, 3, 6, 68.7, 6.74, 1, 8, 1, 1
84.0, 19, 3, 6, 68.9, 6.92, 8, 1, 8, 1
0.0, 8, 3, 6, 68.7, 6.77, 1, 8, 4, 1
56.0, -3, 3, 6, 68.6, 6.7, 8, 4, 1, 1
99.0, -5, 3, 6, 68.6, 6.7, 4, 1, 8, 1
0.0, -4, 3, 6, 69.6, 5.35, 1, 8, 4, 1
113.0, -3, 3, 6, 70.3, 5.29, 8, 4, 1, 1
84.0, 15, 3, 6, 70.6, 5.46, 4, 1, 4, 1
71.0, 4, 4, 6, 71.4, 3.72, 1, 4, 8, 8
42.0, -2, 4, 6, 71.5, 3.75, 4, 8, 6, 1
28.0, -22, 5, 6, 70.7, 5.2, 8, 6, 8, 8
0.0, 24, 4, 6, 70.2, 4.89, 6, 8, 8, 8
42.0, -2, 4, 6, 70, 4.82, 8, 8, 6, 8
42.0, -19, 4, 6, 69.1, 5.01, 8, 6, 11, 8
127.0, 17, 4, 6, 69.4, 5.37, 6, 11, 4, 4
0.0, -13, 4, 6, 68.8, 6.01, 11, 4, 3, 8
141.0, 11, 4, 6, 68.6, 5.9, 4, 3, 2, 8
0.0, -6, 4, 6, 68, 5.51, 3, 2, 8, 8
422.0, -19, 4, 6, 66.2, 8.39, 2, 8, 1, 8
0.0, 24, 4, 6, 66.5, 8.67, 8, 1, 1, 8
127.0, -17, 4, 6, 65.9, 9.35, 1, 1, 8, 8
183.0, 8, 4, 6, 64.5, 9.53, 1, 8, 4, 1
85.0, 12, 4, 6, 64.2, 9.37, 8, 4, 4, 4
70.0, 4, 4, 6, 65, 9.65, 4, 4, 8, 4
127.0, 5, 4, 7, 64.5, 9.14, 4, 8, 1, 1
0.0, -38, 4, 7, 64.2, 9.33, 8, 1, 11, 1
183.0, 9, 3, 7, 63.2, 9.08, 1, 11, 8, 8
253.0, -9, 3, 7, 60.5, 10.8, 11, 8, 11, 1
197.0, 33, 3, 7, 60.6, 10.68, 8, 11, 8, 8
169.0, -4, 3, 7, 59, 9.37, 11, 8, 4, 8
282.0, -31, 3, 7, 58.5, 9.8, 8, 4, 9, 4
70.0, 28, 3, 7, 59.3, 9.97, 4, 9, 1, 8
240.0, -9, 3, 7, 58.2, 9.55, 9, 1, 4, 8
14.0, -7, 3, 7, 56.4, 8.4, 1, 4, 9, 1
197.0, 4, 3, 6, 54.2, 6.75, 4, 9, 1, 1
0.0, 3, 3, 6, 54, 6.69, 9, 1, 4, 4
155.0, 19, 3, 6, 54.8, 7.86, 1, 4, 11, 4
14.0, -12, 3, 6, 57.4, 7.49, 4, 11, 11, 4
155.0, -14, 3, 6, 59, 7, 11, 11, 9, 4
0.0, 8, 3, 6, 59.3, 7.1, 11, 9, 5, 9
0.0, -3, 4, 6, 60.4, 6.04, 9, 5, 2, 1
112.0, 19, 4, 6, 61.3, 7.21, 5, 2, 9, 9
14.0, -12, 4, 6, 62.8, 7.7, 2, 9, 9, 9
141.0, -24, 4, 6, 63.2, 7.33, 9, 9, 9, 9
14.0, 28, 3, 6, 65.9, 6.93, 9, 9, 1, 9
0.0, 12, 3, 7, 67.7, 6.17, 9, 1, 1, 9
141.0, -28, 3, 7, 66, 7.72, 1, 1, 9, 9
0.0, 4, 3, 7, 64.4, 8.73, 1, 9, 1, 9
127.0, 3, 3, 7, 65, 8.89, 9, 1, 4, 9
14.0, -7, 3, 7, 65.4, 8.88, 1, 4, 9, 9
127.0, 26, 3, 7, 66.9, 8.94, 4, 9, 11, 9
0.0, -12, 3, 7, 67, 9.02, 9, 11, 11, 9
112.0, -14, 3, 7, 66.6, 8.88, 11, 11, 9, 9
0.0, 8, 4, 7, 68.1, 8.56, 11, 9, 5, 1
99.0, 16, 4, 7, 68, 8.46, 9, 5, 9, 9
14.0, -12, 4, 6, 68.1, 8.53, 5, 9, 9, 9
112.0, -24, 4, 6, 69.3, 6.86, 9, 9, 9, 9
15.0, 40, 3, 7, 71.5, 3.8, 9, 9, 1, 9
112.0, -28, 3, 7, 70.4, 5.35, 9, 1, 9, 9
0.0, 7, 3, 7, 69.4, 6.67, 1, 9, 4, 9
14.0, -3, 3, 7, 67.8, 7.26, 9, 4, 1, 9
99.0, 3, 3, 7, 67.3, 6.91, 4, 1, 4, 9
14.0, -7, 3, 7, 67.3, 6.91, 1, 4, 9, 9
98.0, 14, 3, 7, 67.4, 7, 4, 9, 11, 9
0.0, 12, 3, 7, 67.2, 6.78, 9, 11, 11, 9
99.0, -18, 3, 7, 67, 6.6, 11, 11, 5, 9
14.0, -3, 4, 7, 66.9, 6.66, 11, 5, 2, 1
99.0, 19, 4, 6, 66.7, 6.47, 5, 2, 9, 9
0.0, -12, 4, 6, 68.1, 6.16, 2, 9, 9, 9
112.0, -24, 4, 6, 68.4, 5.66, 9, 9, 9, 9
14.0, 19, 3, 6, 69.7, 4.5, 9, 9, 4, 9
0.0, 12, 3, 6, 70.1, 4.68, 9, 4, 4, 9
127.0, -15, 3, 6, 69, 6.12, 4, 4, 1, 9
0.0, -9, 3, 6, 67.8, 6.19, 4, 1, 4, 4
239.0, 13, 3, 6, 67.5, 5.95, 1, 4, 5, 4
0.0, 12, 3, 6, 67.4, 5.89, 4, 5, 5, 4
0.0, -33, 3, 6, 66.6, 6.89, 5, 5, 8, 4
127.0, 12, 3, 6, 65.7, 6.71, 5, 8, 8, 4
14.0, 3, 3, 6, 64.5, 6.36, 8, 8, 11, 4
113.0, 0, 3, 6, 64.6, 6.3, 8, 11, 11, 4
141.0, -17, 3, 6, 63.4, 6.1, 11, 11, 6, 4
0.0, 24, 3, 6, 62.4, 5, 11, 6, 6, 5
0.0, 12, 3, 6, 63.7, 5.12, 6, 6, 6, 6
112.0, -10, 3, 6, 64.6, 5.52, 6, 6, 8, 6
0.0, 12, 3, 6, 64.5, 5.41, 6, 8, 8, 8
0.0, -23, 3, 6, 63.6, 4.98, 8, 8, 9, 8
113.0, 24, 3, 6, 65.6, 5.14, 8, 9, 9, 6
0.0, -27, 3, 6, 65.3, 5.37, 9, 9, 6, 6
0.0, 15, 3, 6, 66.4, 5.5, 9, 6, 9, 6
113.0, -5, 3, 6, 67.4, 5.33, 6, 9, 4, 6
0.0, 12, 4, 6, 68.9, 4.85, 9, 4, 4, 6
98.0, -15, 4, 6, 69.2, 4.62, 4, 4, 1, 9
0.0, 12, 4, 6, 69.8, 5.06, 4, 1, 1, 9
0.0, -24, 4, 6, 68.6, 5.97, 1, 1, 1, 1
99.0, 15, 4, 6, 68.9, 6.11, 1, 1, 4, 1
0.0, 12, 4, 6, 70.2, 5.88, 1, 4, 4, 4
98.0, 2, 4, 6, 70.1, 5.8, 4, 4, 6, 4
0.0, -36, 4, 6, 70.6, 5.08, 4, 6, 6, 4
0.0, 24, 3, 6, 70.5, 5.06, 6, 6, 6, 4
113.0, 14, 3, 6, 70.7, 5.12, 6, 6, 8, 1
0.0, -12, 3, 6, 70.8, 5.19, 6, 8, 8, 1
0.0, -26, 3, 6, 70.4, 5.61, 8, 8, 6, 6
99.0, 12, 3, 6, 69.2, 5.56, 8, 6, 6, 6
0.0, 27, 3, 6, 70.7, 4.54, 6, 6, 9, 6
0.0, -12, 3, 6, 70.9, 4.68, 6, 9, 9, 6
98.0, 7, 3, 6, 70.7, 4.54, 9, 9, 4, 6
0.0, -12, 3, 6, 70.2, 4.42, 9, 4, 4, 6
99.0, -3, 3, 6, 70.5, 4.15, 4, 4, 1, 6
0.0, 12, 3, 6, 70.8, 4.28, 4, 1, 1, 1
98.0, -9, 3, 6, 70.8, 4.28, 1, 1, 4, 4
0.0, 12, 3, 6, 70.6, 4.13, 1, 4, 4, 4
99.0, 2, 4, 6, 71.6, 3.29, 4, 4, 6, 4
0.0, -12, 5, 6, 72.3, 2.15, 4, 6, 6, 4
0.0, -24, 5, 6, 71.2, 3.43, 6, 6, 6, 4
98.0, 15, 3, 6, 70.2, 3.63, 6, 6, 9, 4
0.0, 11, 3, 6, 70.2, 3.63, 6, 9, 8, 4
0.0, 12, 3, 6, 70.6, 3.69, 9, 8, 8, 6
99.0, -11, 3, 6, 71.2, 3.71, 8, 8, 9, 6
0.0, 12, 3, 6, 71.5, 4.03, 8, 9, 9, 6
127.0, -5, 3, 6, 71.8, 4.24, 9, 9, 4, 6
126.0, -24, 3, 6, 70.2, 6.1, 9, 4, 4, 6
0.0, -3, 3, 6, 68, 8.27, 4, 4, 1, 9
85.0, 25, 3, 6, 68.5, 8.58, 4, 1, 2, 9
0.0, 12, 4, 7, 69.8, 8.63, 1, 2, 2, 9
127.0, -13, 4, 7, 70.9, 8.65, 2, 2, 1, 1
0.0, 12, 4, 7, 70.9, 8.65, 2, 1, 1, 1
112.0, -31, 4, 7, 70, 8.85, 1, 1, 6, 1
14.0, 3, 4, 7, 69, 8.91, 1, 6, 9, 1
113.0, -3, 4, 7, 67.2, 8.93, 6, 9, 6, 1
0.0, 3, 4, 7, 66.3, 8.44, 9, 6, 9, 1
127.0, 14, 4, 7, 67.9, 8.03, 6, 9, 11, 1
0.0, -21, 4, 7, 68.6, 6.73, 9, 11, 2, 2
0.0, 33, 4, 7, 68.3, 6.45, 11, 2, 11, 1
154.0, -23, 4, 7, 66.7, 6.33, 2, 11, 0, 1
15.0, -3, 4, 7, 64.6, 6.37, 11, 0, 9, 9
183.0, 12, 4, 6, 63.8, 5.74, 0, 9, 9, 9
0.0, 12, 4, 6, 64, 5.78, 9, 9, 9, 9
0.0, -24, 4, 6, 63.4, 6.05, 9, 9, 9, 9
211.0, -12, 4, 6, 63.8, 5.88, 9, 9, 9, 9
42.0, 40, 3, 7, 63.9, 5.94, 9, 9, 1, 9
14.0, -12, 3, 7, 64, 6.1, 9, 1, 1, 9
155.0, -16, 3, 7, 63.7, 6.45, 1, 1, 9, 9
0.0, 4, 3, 7, 62.3, 5.76, 1, 9, 1, 9
0.0, 3, 3, 7, 62.6, 5.71, 9, 1, 4, 9
113.0, 12, 3, 7, 64, 5.39, 1, 4, 4, 9
0.0, -19, 3, 7, 63.6, 5.44, 4, 4, 9, 9
0.0, 7, 3, 7, 63.9, 5.65, 4, 9, 4, 9
0.0, 9, 3, 7, 65, 5.46, 9, 4, 1, 1
98.0, 10, 4, 7, 66.2, 6.16, 4, 1, 11, 1
14.0, -12, 4, 6, 66.9, 6.7, 1, 11, 11, 1
99.0, -6, 4, 6, 66.8, 6.6, 11, 11, 5, 4
0.0, -3, 4, 6, 68.1, 5.3, 11, 5, 2, 4
112.0, 26, 4, 7, 69.7, 4.69, 5, 2, 4, 4
0.0, -12, 4, 7, 70.9, 4.35, 2, 4, 4, 4
113.0, -31, 4, 7, 70.7, 4.47, 4, 4, 9, 4
14.0, 40, 3, 7, 72.2, 3.34, 4, 9, 1, 4
113.0, -28, 3, 7, 71.4, 4.69, 9, 1, 9, 1
0.0, 7, 3, 7, 70.6, 5.62, 1, 9, 4, 4
14.0, -3, 3, 7, 69, 6.37, 9, 4, 1, 4
98.0, 0, 3, 7, 68.1, 6.09, 4, 1, 1, 1
0.0, 3, 3, 7, 67.5, 5.87, 1, 1, 4, 4
0.0, -7, 3, 7, 67.8, 5.96, 1, 4, 9, 4
99.0, 26, 3, 7, 67.9, 6.09, 4, 9, 11, 1
0.0, -12, 3, 7, 68, 6.21, 9, 11, 11, 1
99.0, -6, 4, 7, 68.6, 6.37, 11, 11, 5, 1
112.0, 11, 4, 6, 68.6, 6.37, 11, 5, 4, 4
14.0, 12, 4, 7, 70.1, 6.17, 5, 4, 4, 4
99.0, -43, 4, 7, 70.3, 5.9, 4, 4, 9, 4
0.0, 40, 3, 7, 72, 4.73, 4, 9, 1, 4
14.0, -12, 3, 7, 73.2, 4.58, 9, 1, 1, 4
99.0, -9, 3, 7, 73.1, 4.72, 1, 1, 4, 4
0.0, -7, 3, 7, 72.8, 4.94, 1, 4, 9, 4
0.0, 4, 3, 7, 71.8, 5.19, 4, 9, 1, 1
112.0, 3, 3, 7, 71.4, 5, 9, 1, 4, 4
14.0, 12, 3, 7, 71.2, 4.98, 1, 4, 4, 4
0.0, -19, 3, 7, 70.3, 4.84, 4, 4, 9, 4
113.0, 14, 3, 7, 70, 4.56, 4, 9, 11, 1
0.0, 12, 4, 7, 70.9, 3.94, 9, 11, 11, 1
98.0, -18, 4, 6, 70.6, 3.64, 11, 11, 5, 4
0.0, -3, 4, 6, 69.9, 2.7, 11, 5, 2, 4
99.0, 7, 4, 6, 71.1, 3.3, 5, 2, 9, 9
14.0, 12, 4, 6, 72, 3.55, 2, 9, 9, 9
127.0, -17, 4, 6, 72.9, 3.01, 9, 9, 4, 4
98.0, -12, 4, 6, 71.9, 4.46, 9, 4, 4, 4
14.0, 9, 4, 6, 71.2, 5.06, 4, 4, 1, 9
113.0, 0, 4, 6, 71.1, 5.15, 4, 1, 1, 1
113.0, 16, 4, 6, 71, 5.12, 1, 1, 5, 1
0.0, -33, 4, 6, 69, 7.63, 1, 5, 8, 1
14.0, 21, 3, 6, 68.6, 7.51, 5, 8, 5, 1
112.0, -6, 3, 6, 67.3, 8.09, 8, 5, 11, 1
0.0, -3, 3, 6, 65.3, 7.66, 5, 11, 8, 1
141.0, 0, 3, 6, 63.2, 7.01, 11, 8, 8, 8
141.0, -14, 3, 6, 62.2, 5.88, 8, 8, 6, 8
0.0, 36, 3, 6, 63.1, 6.44, 8, 6, 6, 8
127.0, -10, 3, 6, 63.8, 6.87, 6, 6, 8, 8
0.0, -11, 3, 6, 63.5, 6.83, 6, 8, 9, 8
0.0, 23, 3, 6, 63.3, 6.6, 8, 9, 8, 8
14.0, -26, 3, 6, 64.2, 5.53, 9, 8, 6, 8
98.0, 0, 3, 6, 63.9, 5.34, 8, 6, 6, 6
14.0, 27, 3, 6, 65.2, 5.33, 6, 6, 9, 6
0.0, -12, 3, 6, 66.5, 4.98, 6, 9, 9, 6
113.0, -32, 3, 6, 66.4, 5.2, 9, 9, 1, 6
113.0, 15, 3, 6, 66, 5.44, 9, 1, 4, 6
0.0, 16, 3, 6, 66, 5.44, 1, 4, 8, 8
126.0, -4, 3, 6, 65.5, 5.18, 4, 8, 4, 9
127.0, -26, 3, 6, 64.3, 6.77, 8, 4, 2, 4
127.0, 40, 3, 6, 63.6, 6.5, 4, 2, 6, 6
14.0, -12, 3, 6, 63.5, 6.55, 2, 6, 6, 6
99.0, -16, 3, 6, 62, 7.46, 6, 6, 2, 2
56.0, 11, 3, 6, 60.4, 7.06, 6, 2, 1, 1
0.0, 12, 3, 6, 60, 6.54, 2, 1, 1, 1
141.0, -28, 3, 6, 59.6, 6.95, 1, 1, 9, 1
155.0, 12, 3, 6, 58.5, 7.49, 1, 9, 9, 1
140.0, -5, 3, 6, 56.7, 6.34, 9, 9, 4, 1
155.0, 5, 3, 6, 55.4, 5.59, 9, 4, 9, 9
14.0, -4, 3, 6, 54.9, 6.16, 4, 9, 5, 9
141.0, 6, 3, 6, 54.3, 5.6, 9, 5, 11, 9
0.0, 12, 3, 6, 55, 6.62, 5, 11, 11, 9
169.0, -7, 3, 6, 56.7, 7.5, 11, 11, 4, 9
14.0, 12, 3, 6, 58.4, 8.74, 11, 4, 4, 4
183.0, -3, 3, 6, 58.3, 8.65, 4, 4, 1, 4
0.0, -12, 4, 6, 58.8, 8.35, 4, 1, 1, 4
0.0, -16, 4, 6, 58.7, 8.46, 1, 1, 9, 4
141.0, 12, 3, 6, 59.2, 8.26, 1, 9, 9, 9
127.0, 0, 3, 6, 60.3, 8.09, 9, 9, 9, 9
197.0, 0, 3, 6, 61.2, 6.85, 9, 9, 9, 9
493.0, 2, 3, 6, 61.1, 6.92, 9, 9, 11, 9
155.0, -17, 3, 6, 60.1, 6.71, 9, 11, 6, 9
14.0, 15, 3, 6, 59.5, 6.23, 11, 6, 9, 9
140.0, -1, 3, 6, 58.9, 5.2, 6, 9, 8, 9
127.0, -2, 3, 5, 59.5, 6.23, 9, 8, 6, 9
141.0, -17, 3, 4, 58.9, 6.8, 8, 6, 1, 9
155.0, 15, 3, 4, 60.3, 6.02, 6, 1, 4, 9
155.0, 2, 3, 4, 60.8, 6.01, 1, 4, 6, 6
155.0, -16, 3, 4, 59.6, 6.44, 4, 6, 2, 6
154.0, 19, 3, 4, 60.4, 6.31, 6, 2, 9, 6
183.0, -8, 3, 4, 60.4, 6.31, 2, 9, 1, 6
169.0, -16, 3, 4, 60.2, 6.45, 9, 1, 9, 9
169.0, 12, 2, 4, 58.3, 8.2, 1, 9, 9, 9
141.0, -12, 2, 4, 56.6, 8.19, 9, 9, 9, 9
197.0, 5, 2, 4, 54.5, 6.48, 9, 9, 2, 9
0.0, 3, 2, 4, 54.4, 6.56, 9, 2, 5, 9
155.0, 6, 2, 4, 53, 6.05, 2, 5, 11, 9
197.0, 5, 2, 4, 52.3, 5.2, 5, 11, 4, 9
212.0, -3, 2, 4, 52.6, 5.26, 11, 4, 1, 9
14.0, -4, 2, 4, 51.5, 3.96, 4, 1, 9, 9
169.0, 14, 2, 4, 51.9, 4.55, 1, 9, 11, 9
154.0, 5, 2, 5, 53.3, 6.86, 9, 11, 4, 9
169.0, -3, 2, 5, 55.1, 6.25, 11, 4, 1, 1
0.0, -20, 3, 5, 55.3, 6.08, 4, 1, 5, 1
141.0, 30, 3, 5, 56.8, 6.66, 1, 5, 11, 11
169.0, 5, 3, 6, 58.3, 6.42, 5, 11, 4, 4
183.0, -3, 3, 6, 60, 5.97, 11, 4, 1, 1
0.0, -40, 3, 6, 59.3, 6.75, 4, 1, 9, 1
197.0, 50, 2, 6, 59.6, 6.62, 1, 9, 11, 11
212.0, 5, 2, 7, 59.9, 6.33, 9, 11, 4, 4
380.0, -3, 2, 7, 58.9, 6.99, 11, 4, 1, 1
14.0, -12, 2, 7, 56.8, 6.79, 4, 1, 1, 1
830.0, -19, 2, 7, 56.7, 6.74, 1, 1, 6, 1
141.0, 27, 2, 7, 57.2, 6.48, 1, 6, 9, 1
0.0, -20, 2, 7, 55.7, 5.98, 6, 9, 1, 1
113.0, 24, 2, 7, 55.8, 6.13, 9, 1, 1, 1
14.0, -16, 2, 7, 54.5, 5.12, 1, 1, 9, 1
0.0, 4, 4, 7, 56.1, 5.63, 1, 9, 1, 1
197.0, -7, 4, 7, 55.4, 5.78, 9, 1, 6, 1
183.0, 15, 4, 7, 55.1, 5.87, 1, 6, 9, 1
14.0, -8, 4, 7, 54.6, 6.47, 6, 9, 1, 1
99.0, 12, 4, 7, 56, 6.4, 9, 1, 1, 1
14.0, -12, 5, 7, 55, 6.48, 1, 1, 1, 1
127.0, -14, 5, 7, 54.7, 6.5, 1, 1, 11, 1
14.0, 24, 4, 7, 55.8, 6.71, 1, 11, 11, 1
0.0, -9, 4, 7, 54.8, 5.96, 11, 11, 2, 1
126.0, 7, 4, 7, 56.3, 7.1, 11, 2, 9, 1
0.0, -15, 4, 7, 55.7, 6.57, 2, 9, 6, 1
85.0, 5, 4, 7, 57.7, 7.77, 9, 6, 11, 1
0.0, 7, 4, 7, 59.8, 8.73, 6, 11, 6, 1
141.0, -24, 4, 7, 61.5, 7.2, 11, 6, 6, 6
14.0, 27, 4, 6, 61.7, 7.24, 6, 6, 9, 6
98.0, -3, 4, 6, 63.4, 6.22, 6, 9, 6, 6
141.0, -9, 4, 6, 64.5, 5.16, 9, 6, 9, 6
183.0, -3, 4, 6, 63.3, 6.75, 6, 9, 6, 6
155.0, 12, 4, 6, 63.5, 6.53, 9, 6, 6, 6
127.0, 3, 4, 6, 63.3, 6.42, 6, 6, 9, 6
126.0, -1, 4, 6, 63.4, 6.36, 6, 9, 8, 6
15.0, -21, 4, 6, 61.4, 6.79, 9, 8, 11, 6
0.0, 10, 4, 6, 59.3, 6.08, 8, 11, 9, 6
126.0, 9, 4, 6, 59.4, 6.14, 11, 9, 6, 6
0.0, -12, 4, 6, 59.2, 6.01, 9, 6, 6, 6
113.0, 8, 4, 6, 58.5, 5.45, 6, 6, 2, 6
183.0, -32, 4, 6, 56.9, 5.92, 6, 2, 6, 6
14.0, 36, 3, 6, 57.9, 5.5, 2, 6, 6, 6
141.0, -5, 3, 6, 59.4, 6.92, 6, 6, 1, 6
127.0, 5, 3, 6, 59.2, 6.75, 6, 1, 6, 6
140.0, -1, 3, 6, 59.4, 6.8, 1, 6, 5, 6
141.0, -2, 3, 6, 60.5, 6.22, 6, 5, 3, 6
141.0, -2, 3, 6, 61.7, 5.59, 5, 3, 1, 6
183.0, -19, 3, 6, 60.4, 6.56, 3, 1, 6, 6
127.0, 19, 3, 6, 61.2, 7.17, 1, 6, 1, 6
141.0, 5, 3, 6, 61.2, 7.17, 6, 1, 6, 6
168.0, -1, 4, 6, 62.3, 5.76, 1, 6, 5, 6
169.0, -2, 4, 6, 61.7, 6.26, 6, 5, 3, 1
198.0, -2, 4, 6, 60.1, 5.41, 5, 3, 1, 1
281.0, -31, 4, 6, 58.6, 6.15, 3, 1, 6, 1
141.0, 27, 3, 6, 58.3, 6.05, 1, 6, 9, 1
14.0, -20, 3, 6, 57.3, 6.18, 6, 9, 1, 1
113.0, 24, 3, 6, 58.2, 7.59, 9, 1, 1, 1
0.0, -12, 3, 6, 59.2, 7.08, 1, 1, 1, 1
0.0, -4, 3, 6, 58.7, 6.45, 1, 1, 9, 1
126.0, -3, 3, 6, 59.4, 6.92, 1, 9, 6, 1
113.0, 15, 3, 6, 60.3, 7.38, 9, 6, 9, 1
85.0, 4, 3, 6, 62.1, 7.8, 6, 9, 1, 1
98.0, -26, 3, 6, 62.5, 7.58, 9, 1, 11, 1
14.0, 24, 3, 6, 64.4, 6.22, 1, 11, 11, 1
14.0, -9, 3, 6, 64.2, 6.42, 11, 11, 2, 1
99.0, 7, 3, 6, 65.9, 5.07, 11, 2, 9, 1
0.0, -15, 3, 6, 64.2, 5.25, 2, 9, 6, 9
98.0, 12, 3, 6, 65, 5.16, 9, 6, 6, 6
14.0, -19, 3, 6, 63.9, 6.12, 6, 6, 11, 6
141.0, -5, 3, 6, 62.6, 6.68, 6, 11, 6, 6
0.0, 27, 3, 6, 61.7, 6.5, 11, 6, 9, 6
113.0, -3, 3, 5, 60.7, 5.53, 6, 9, 6, 6
14.0, -17, 3, 5, 58.7, 8.33, 9, 6, 1, 6
141.0, 8, 3, 5, 57.7, 7.73, 6, 1, 9, 6
169.0, -3, 3, 5, 56.8, 8.27, 1, 9, 6, 6
126.0, 12, 3, 5, 56, 7.39, 9, 6, 6, 6
113.0, 3, 3, 5, 57, 7.97, 6, 6, 9, 6
113.0, -1, 3, 5, 57.1, 8.12, 6, 9, 8, 6
14.0, -11, 3, 5, 58, 8.22, 9, 8, 9, 6
112.0, 9, 4, 5, 59.3, 8.51, 8, 9, 6, 6
127.0, -5, 4, 5, 60.2, 8.9, 9, 6, 1, 6
155.0, -23, 4, 5, 59.7, 8.92, 6, 1, 2, 6
0.0, 28, 3, 5, 62.5, 6.31, 1, 2, 6, 6
14.0, -16, 3, 5, 62.6, 6.25, 2, 6, 2, 6
141.0, 11, 3, 5, 64.7, 4.17, 6, 2, 1, 6
127.0, 5, 3, 5, 65.3, 4.03, 2, 1, 6, 6
56.0, -5, 3, 5, 65.1, 4.04, 1, 6, 1, 1
56.0, 3, 3, 5, 66, 5.53, 6, 1, 4, 1
141.0, -3, 3, 5, 66, 5.53, 1, 4, 1, 1
113.0, -5, 3, 5, 66.1, 5.56, 4, 1, 8, 1
112.0, -16, 3, 5, 65, 6.13, 1, 8, 4, 1
113.0, 14, 3, 5, 66.2, 5.6, 8, 4, 6, 1
99.0, 5, 3, 5, 66.1, 5.58, 4, 6, 11, 1
56.0, -3, 3, 5, 66.6, 5.12, 6, 11, 8, 1
28.0, 3, 3, 5, 66.4, 5.06, 11, 8, 11, 1
28.0, -18, 3, 5, 65.5, 5.64, 8, 11, 5, 1
14.0, 16, 3, 5, 65.7, 5.62, 11, 5, 9, 4
127.0, -1, 3, 5, 64, 3.97, 5, 9, 8, 8
155.0, -7, 3, 4, 63.1, 4.99, 9, 8, 1, 8
197.0, -7, 3, 4, 61.5, 5.68, 8, 1, 6, 6
155.0, 2, 3, 4, 61.5, 5.68, 1, 6, 8, 8
113.0, 1, 3, 4, 60.1, 5.37, 6, 8, 9, 8
126.0, -4, 3, 4, 58.7, 5.22, 8, 9, 5, 8
127.0, 6, 3, 4, 57.7, 5.06, 9, 5, 11, 5
169.0, 5, 3, 4, 56.4, 4.08, 5, 11, 4, 5
155.0, -10, 3, 4, 56, 4.1, 11, 4, 6, 6
0.0, 7, 3, 4, 54.7, 2.45, 4, 6, 1, 1
141.0, -5, 3, 4, 54.1, 1.3, 6, 1, 8, 1
169.0, 1, 3, 4, 53.2, 3.03, 1, 8, 9, 6
169.0, -9, 3, 4, 52.8, 3.4, 8, 9, 0, 8
211.0, 11, 3, 4, 52.2, 3.12, 9, 0, 11, 9
295.0, 5, 3, 4, 51.6, 3.1, 0, 11, 4, 4
718.0, 14, 3, 5, 52.5, 4.41, 11, 4, 6, 4
0.0, -28, 3, 5, 51.9, 4.57, 4, 6, 2, 4
184.0, 23, 3, 5, 52.7, 5.48, 6, 2, 1, 1
112.0, 5, 3, 5, 53.6, 6.3, 2, 1, 6, 1
113.0, -27, 3, 5, 53.9, 6.33, 1, 6, 3, 6
0.0, 25, 3, 5, 55.8, 8.76, 6, 3, 4, 4
112.0, -3, 3, 5, 58.6, 9.32, 3, 4, 1, 1
113.0, -5, 3, 5, 60.8, 9.15, 4, 1, 8, 1
113.0, -16, 3, 5, 62, 8.56, 1, 8, 4, 4
112.0, 14, 3, 5, 64.1, 7.63, 8, 4, 6, 6
113.0, 5, 3, 5, 64.3, 7.6, 4, 6, 11, 1
56.0, -3, 3, 5, 65.9, 5.36, 6, 11, 8, 1
85.0, 1, 3, 5, 66.5, 5.22, 11, 8, 9, 4
127.0, -1, 3, 5, 66.5, 5.22, 8, 9, 8, 8
168.0, -7, 3, 5, 67.2, 4.12, 9, 8, 1, 8
198.0, -7, 3, 5, 65.1, 5.3, 8, 1, 6, 8
140.0, 2, 3, 4, 63.1, 5.7, 1, 6, 8, 8
141.0, 1, 3, 4, 61.2, 6.23, 6, 8, 9, 8
155.0, -4, 3, 4, 59.8, 7.17, 8, 9, 5, 8
141.0, 6, 3, 4, 57.8, 6.82, 9, 5, 11, 8
169.0, 5, 3, 4, 57.1, 6.5, 5, 11, 4, 8
169.0, -3, 3, 4, 56, 6.16, 11, 4, 1, 1
0.0, -7, 3, 4, 55, 4.8, 4, 1, 6, 1
169.0, 2, 3, 4, 54.3, 4.03, 1, 6, 8, 1
197.0, 1, 3, 4, 53, 2.97, 6, 8, 9, 6
225.0, -9, 3, 4, 52.5, 3.32, 8, 9, 0, 8
282.0, 11, 3, 4, 52, 3.58, 9, 0, 11, 9
450.0, 5, 3, 4, 51.9, 3.62, 0, 11, 4, 4
986.0, -12, 3, 4, 51.6, 3.95, 11, 4, 4, 4
0.0, 9, 3, 4, 51.6, 3.95, 4, 4, 1, 4